livre;202;146;391;183;409;176
grand;131;99;86;141;154;127
ouvrage;64;42;31;52;433;29
bibliothèque;103;279;16;15;157;10
science;27;54;264;51;115;13
oeuvre;40;50;132;132;178;42
forme;29;53;110;57;181;112
voir;50;75;128;79;129;137
donner;43;54;96;72;167;132
document;20;52;143;22;188;100
général;36;130;100;34;177;36
travail;30;153;83;35;136;38
écrire;24;24;68;145;52;125
journal;214;31;18;40;64;35
international;28;271;14;17;66;12
auteur;33;29;49;62;221;18
bibliographie;22;87;11;7;205;2
ordre;28;32;50;26;215;22
documentation;8;184;60;11;109;23
catalogue;28;47;4;2;227;9
partie;17;39;45;40;178;50
idée;17;15;75;85;35;23
matière;16;28;41;17;243;48
temps;51;32;88;85;73;58
art;13;20;103;93;28;66
collection;54;86;11;13;188;19
lieu;18;42;45;28;183;62
traiter;13;31;37;22;213;16
mot;14;5;20;70;78;80
objet;15;50;67;16;85;79
ensemble;25;44;65;19;160;32
moyen;24;23;87;92;38;83
langue;15;16;49;117;49;22
scientifique;23;99;69;28;58;19
organisation;34;170;33;8;71;7
premier;33;39;43;57;76;85
papier;42;17;7;10;41;156
mettre;41;51;62;24;84;64
nombre;60;18;39;43;90;64
nouveau;47;28;84;43;54;54
publication;55;67;10;9;152;12
ex;29;30;17;33;133;62
page;28;6;11;15;173;46
texte;7;8;24;37;99;109
titre;20;21;6;9;175;21
histoire;25;27;66;77;49;20
constituer;22;69;45;15;110;35
caractère;17;14;41;33;51;118
intellectuel;7;97;89;36;35;10
image;3;5;25;24;23;158
édition;87;33;7;18;93;18
système;21;24;41;21;83;39
écriture;8;2;33;32;17;140
chose;7;13;86;40;34;27
siècle;36;16;16;79;25;91
pensée;9;10;129;48;15;21
élément;4;12;72;9;87;41
prendre;19;32;51;36;68;70
public;60;127;18;36;10;19
publier;80;41;6;12;134;5
nom;14;20;10;33;130;47
jour;82;30;35;36;39;52
état;87;47;44;19;40;24
homme;15;12;78;114;8;25
classification;6;8;29;5;173;9
etc;42;32;19;27;85;77
établir;17;43;27;15;130;35
étude;14;52;74;32;62;17
pays;67;81;18;24;53;14
méthode;14;34;51;22;77;24
lecture;17;48;54;33;38;51
comprendre;25;39;42;24;95;28
volume;41;18;4;11;152;20
esprit;9;11;119;58;19;15
lettre;26;10;10;30;28;131
table;6;9;3;2;170;14
universel;10;57;34;12;100;10
fait;14;10;70;29;43;20
manière;9;29;47;26;63;37
présenter;22;30;29;17;87;42
principe;9;27;52;7;94;24
connaître;29;16;40;70;36;39
sujet;15;19;25;15;116;22
devenir;22;27;65;36;28;46
ancien;26;27;13;72;37;61
servir;10;16;31;26;54;89
rapport;17;71;43;11;38;24
périodique;46;47;3;1;112;4
presse;102;38;6;19;9;27
imprimer;44;13;9;17;91;51
vie;9;27;82;67;13;26
spécial;18;80;16;10;88;18
donnée;5;23;51;3;94;16
réaliser;15;51;37;14;38;58
particulier;20;29;31;15;85;20
divers;26;31;29;15;92;23
former;24;27;22;19;96;36
exposer;8;10;31;10;63;4
permettre;13;10;43;18;60;71
seul;32;12;29;26;65;50
espèce;11;11;41;11;77;34
bibliographique;13;22;4;6;155;4
trouver;13;20;37;35;62;26
créer;36;37;48;28;16;34
carte;26;11;4;1;49;80
suivant;9;17;23;15;86;39
service;59;98;8;6;17;6
littéraire;24;15;34;88;17;4
p;42;22;14;27;36;13
lire;17;13;54;48;23;30
national;28;111;4;11;30;4
lecteur;26;22;72;14;51;11
ficher;8;13;2;0;155;8
éditeur;95;30;2;6;46;5
littérature;15;11;43;84;14;3
part;21;24;42;23;28;22
connaissance;4;16;97;16;41;4
film;14;16;9;7;8;106
place;19;19;16;18;80;33
revue;69;18;5;16;78;7
société;38;78;34;14;8;11
loi;16;25;67;11;20;4
plan;9;28;22;6;62;37
question;16;39;39;17;58;17
manuscrit;18;12;6;22;73;39
fois;25;22;31;16;44;33
critique;19;11;39;34;48;1
but;8;36;53;20;53;13
type;12;18;29;3;58;28
technique;11;44;58;8;28;34
association;19;116;5;11;14;3
sentir;3;10;58;37;16;23
répertoire;5;25;5;2;120;2
machine;5;7;15;6;14;107
musique;9;6;30;37;12;38
exprimer;2;4;39;34;19;18
complet;12;12;19;15;94;13
petit;22;11;14;16;31;71
organisme;9;98;11;0;49;4
rendre;14;17;24;21;42;55
valeur;18;15;55;17;31;25
produire;18;11;67;33;16;35
signe;0;3;11;14;13;89
pari;86;29;3;13;20;17
social;12;33;83;18;12;5
français;61;14;6;42;21;23
musée;20;65;4;14;29;13
instrument;6;21;52;8;23;43
france;96;17;6;23;15;17
tableau;2;10;17;10;64;43
of;4;4;2;0;15;3
photographie;6;10;7;2;11;115
développement;10;21;67;15;24;16
archive;18;81;0;1;30;3
règle;2;14;21;14;70;13
agir;8;20;46;11;44;25
notice;3;2;2;0;130;1
procédé;10;8;17;12;16;91
exister;22;31;25;25;33;26
propre;14;21;38;21;42;17
monde;29;30;21;39;12;31
article;26;5;4;7;105;3
année;42;20;12;12;46;19
fin;11;16;19;14;73;27
passer;18;10;35;49;13;33
encyclopédie;14;18;10;9;88;3
feuille;23;4;1;2;74;42
mondial;20;86;8;4;13;3
simple;6;5;25;14;36;54
opération;7;18;18;3;65;24
action;11;18;74;22;10;14
exemple;16;11;6;28;50;20
réalité;3;6;63;12;11;18
note;1;5;12;10;72;38
format;14;9;1;2;53;39
division;2;11;12;3;93;9
expression;1;5;65;19;10;26
contenir;11;7;20;10;80;15
recherche;11;33;19;7;55;14
classement;4;5;4;1;129;4
mouvement;6;16;31;19;6;57
humain;3;8;88;31;10;18
paraître;46;15;9;17;46;15
matériel;8;12;32;8;50;28
disposer;14;11;11;11;71;29
seulement;13;8;27;33;35;28
placer;10;8;12;6;78;29
information;39;46;19;5;34;8
langage;1;2;17;32;2;9
historique;11;15;20;40;46;12
documentaire;8;28;21;6;69;13
cinéma;9;5;17;16;3;76
mesure;10;17;35;13;12;32
parler;6;6;10;80;4;27
indiquer;5;2;15;4;101;15
administration;16;100;6;2;13;4
ligne;5;6;4;3;31;72
librairie;72;25;4;2;7;2
suivre;13;12;26;25;42;16
unité;2;12;17;5;44;9
possible;7;11;38;6;47;19
pièce;14;13;7;14;42;35
index;8;1;0;5;91;8
sorte;8;15;14;22;44;28
notion;5;10;32;13;27;19
institut;13;89;5;3;25;4
i;7;31;7;8;39;17
production;18;21;42;17;23;15
venir;15;18;17;21;16;43
problème;7;18;51;5;19;20
exemplaire;58;10;1;8;45;8
cours;29;31;16;24;22;11
représenter;9;14;21;14;16;53
imprimerie;33;13;11;11;13;52
fonction;8;33;37;7;34;13
déterminer;5;16;49;5;43;10
base;6;16;30;4;44;24
domaine;3;41;49;13;9;13
dernier;27;16;7;22;30;19
commun;11;31;29;14;28;6
série;5;13;13;4;69;15
dictionnaire;9;4;3;14;65;5
besoin;9;21;36;19;22;10
usage;16;18;19;17;23;33
pratique;13;20;49;8;32;5
oeil;3;3;22;17;14;58
reproduction;8;5;8;9;19;68
distinguer;6;8;22;20;42;20
moderne;14;18;15;46;13;17
compte;31;17;17;10;42;9
enseignement;4;54;19;15;6;9
condition;16;21;46;11;17;20
âge;3;4;19;66;9;24
principal;6;12;14;10;58;14
composer;4;6;15;18;24;45
aller;13;12;17;27;21;24
raison;16;10;35;21;21;20
prix;65;7;5;2;22;15
important;24;19;16;16;29;15
commencer;17;17;11;19;30;29
progrès;12;17;48;10;9;25
posséder;25;14;9;18;31;17
date;9;7;1;5;78;15
appeler;10;11;13;19;25;40
tenir;15;24;28;13;25;15
impression;15;5;12;7;31;48
haut;8;9;13;19;19;44
corps;8;15;29;16;31;21
porter;10;11;15;6;62;17
office;11;74;1;6;20;1
logique;0;0;34;9;8;1
genre;8;7;13;34;15;17
droit;26;32;5;14;20;5
systématique;3;7;15;3;82;1
nouvelle;21;16;34;19;15;11
importance;11;16;28;21;30;20
nécessaire;4;24;20;9;43;15
considérer;9;9;37;6;40;13
coopération;1;76;3;0;34;1
the;8;0;0;0;5;2
appliquer;4;6;21;11;36;36
numéro;16;4;0;3;84;6
différent;6;12;22;16;30;20
cas;9;18;20;8;42;13
terme;3;2;28;6;29;7
recueil;12;11;2;8;72;4
obtenir;6;7;12;6;19;58
notamment;17;30;9;8;33;20
notation;1;0;10;14;24;36
alphabétique;0;1;0;4;95;11
tendre;7;13;34;4;25;15
nature;2;15;35;19;22;18
moment;5;15;43;16;22;14
main;13;3;15;9;11;57
suite;10;10;15;12;49;8
reproduire;8;6;7;5;34;53
organiser;19;64;9;7;11;4
guerre;61;16;10;12;1;11
disposition;9;24;9;10;43;14
appareil;5;6;2;2;9;84
allemagne;78;8;5;9;5;9
relatif;8;24;11;5;41;5
parole;2;4;17;37;4;22
décimal;0;0;0;1;109;2
bibliologie;3;4;68;2;9;1
époque;5;3;21;38;13;19
développer;6;19;23;6;21;15
continuer;15;8;21;24;28;16
alphabet;1;2;4;16;3;54
recevoir;34;15;10;11;23;19
description;3;4;12;6;51;10
peuple;10;9;10;66;4;9
effort;6;15;45;14;17;5
degré;4;23;14;5;22;5
conserver;14;16;13;9;29;25
analyse;4;7;19;8;49;3
statistique;11;20;13;1;28;7
source;11;11;10;12;49;6
offrir;20;17;16;9;25;11
indication;3;2;8;6;78;2
allemand;44;13;0;15;17;12
résultat;5;8;40;2;20;12
politique;28;13;15;31;7;6
intérêt;17;32;9;14;18;10
courant;10;20;7;6;31;25
composition;5;3;13;15;12;40
organe;14;44;10;3;11;8
long;4;2;15;20;22;29
couleur;0;2;5;1;15;71
traduction;11;5;1;38;19;5
réunir;17;23;5;4;50;6
nombreux;13;9;14;9;22;23
dessin;0;1;5;3;3;74
latin;3;1;1;52;2;28
évolution;1;5;57;9;11;5
théorie;1;2;45;7;10;5
institution;6;65;5;4;10;5
h;12;14;7;6;29;13
caractéristique;2;4;17;4;47;7
administratif;4;53;2;1;24;6
étudier;7;11;44;8;12;7
établissement;6;45;3;2;35;8
théâtre;2;5;4;22;3;50
origine;10;7;11;23;20;22
centre;18;54;5;1;10;6
opérer;1;12;10;5;36;22
libraire;73;10;0;1;4;1
demander;18;22;7;14;22;16
anglais;30;2;3;17;9;24
étendre;13;14;29;9;22;7
contenu;2;7;22;6;53;3
illustration;7;2;3;10;21;34
grec;1;0;0;63;2;28
arriver;9;6;32;14;13;13
naturel;2;3;35;7;16;15
invention;9;7;30;8;4;31
force;1;16;44;11;6;4
chiffre;10;3;5;1;22;36
heure;9;6;8;17;5;36
nation;12;59;6;9;1;4
distinct;3;11;13;6;38;9
consister;3;3;24;17;16;15
écrivain;10;7;11;48;5;4
personnel;5;25;18;12;23;6
unir;54;11;5;4;6;7
phénomène;1;3;38;4;5;12
physique;3;5;17;10;14;12
utiliser;9;11;12;8;22;26
synthèse;0;6;44;9;12;3
rayon;2;5;3;2;44;23
fondamental;0;8;22;0;36;7
effet;6;12;24;14;13;15
ajouter;8;1;8;11;25;34
utile;7;7;17;6;41;8
occuper;18;19;11;13;14;10
groupe;8;8;20;5;28;9
entier;16;6;11;19;17;14
salle;13;26;1;4;5;20
mode;11;5;18;4;22;16
mathématique;3;2;10;2;5;5
liste;11;14;1;1;55;1
application;3;14;19;3;27;12
mémoire;6;6;24;18;24;3
résumé;6;5;4;4;54;4
proposer;7;20;16;6;22;11
poésie;2;0;5;54;1;3
envisager;1;10;35;3;22;10
école;14;32;3;18;6;4
vente;52;11;4;0;14;1
musical;3;6;12;18;6;15
création;8;20;26;18;4;12
savant;11;16;11;30;8;3
répondre;11;10;22;12;16;12
original;4;11;5;12;32;19
congrès;9;64;0;3;4;3
véritable;5;16;23;12;12;18
laisser;2;6;13;32;10;20
faciliter;4;10;4;4;53;8
université;23;44;4;3;4;3
relation;10;27;14;8;11;4
officiel;27;38;0;3;6;4
meilleur;4;12;29;8;11;12
diviser;5;9;5;3;40;13
destiner;7;21;11;5;13;22
collectif;4;28;15;4;19;2
chapitre;1;0;7;4;58;3
cause;7;5;25;22;4;8
montrer;2;8;20;10;8;20
lumière;0;2;9;2;2;53
apporter;11;8;28;9;14;12
activité;5;30;18;5;11;5
projection;2;5;3;0;2;59
opinion;11;13;11;29;6;1
direction;4;24;21;3;14;9
étranger;37;16;2;6;8;4
relier;8;22;5;2;30;10
immense;6;6;15;12;13;21
gravure;2;2;1;1;18;45
figure;2;1;7;8;15;36
chercher;5;1;25;8;15;25
bureau;28;42;0;2;4;4
traduire;2;4;4;36;8;14
roman;14;4;8;31;2;10
manuel;10;15;2;6;34;1
formule;4;4;18;5;8;10
essentiel;6;6;10;7;28;11
seconde;2;1;7;6;8;45
rôle;7;5;9;27;8;18
représentation;1;2;13;8;2;40
reliure;6;1;3;0;46;9
maison;50;10;1;5;3;4
dimension;1;4;6;1;15;45
annuaire;20;24;1;0;20;0
économique;11;31;14;7;5;6
espace;2;7;23;3;12;25
côté;10;7;17;3;24;16
classer;2;2;12;6;42;3
acquérir;15;8;31;3;6;8
poursuivre;3;19;17;22;13;3
poser;2;7;29;4;11;16
indice;0;0;2;0;65;2
décrire;0;2;14;6;33;13
catégorie;4;10;9;4;25;11
aide;6;5;9;6;14;27
privé;15;49;1;3;6;3
local;5;48;2;6;8;5
existant;7;17;14;2;27;5
aspect;4;10;18;5;16;16
référence;0;3;0;3;62;2
prêt;17;22;4;3;14;9
exposition;7;17;5;8;11;6
conception;2;13;21;10;6;7
vérité;4;2;26;16;4;1
library;8;5;0;0;6;1
intelligence;5;7;36;8;6;2
influence;5;4;25;24;6;6
employé;14;9;3;6;6;31
détail;6;0;13;7;27;14
classe;4;2;6;12;28;5
beau;5;3;12;26;11;9
tour;7;4;14;10;3;14
qualité;3;6;21;6;7;17
importer;6;6;15;2;23;19
gouvernement;28;27;2;7;2;5
existence;3;8;25;11;20;4
disque;5;7;0;0;16;25
consacrer;6;14;7;7;31;4
compléter;6;10;6;1;36;13
réduire;8;4;8;9;13;24
romain;2;3;0;30;6;25
phrase;0;1;1;12;12;10
inventaire;3;11;3;2;48;1
fixer;7;6;8;4;13;27
dépôt;19;32;1;0;14;2
double;2;10;16;4;15;17
distribution;13;25;3;2;21;4
concevoir;4;8;30;6;11;8
commercial;21;23;7;5;10;5
éviter;1;2;11;2;15;29
synthétique;0;4;15;0;35;1
graphique;4;1;12;3;12;32
dossier;2;8;1;0;56;1
considérable;19;5;9;8;23;7
comparer;1;4;26;7;15;7
utilisation;3;14;12;0;28;8
rapporter;9;7;5;11;16;5
jeu;1;1;11;13;0;24
fonder;17;18;14;13;3;3
direct;2;5;16;7;14;18
naître;9;7;15;25;3;7
avantage;3;5;7;9;30;14
atteindre;7;1;32;8;3;17
atlas;2;5;0;0;38;12
vrai;3;0;18;30;4;3
publicité;29;11;3;7;8;5
psychologie;3;1;49;3;4;0
procéder;5;7;22;5;14;8
possibilité;1;10;27;2;15;10
observation;1;1;35;8;11;6
enregistrer;3;3;8;5;17;29
désigner;7;9;2;6;22;17
cadre;0;10;8;1;41;5
blanc;1;1;1;2;6;50
retrouver;4;4;17;9;23;3
rester;10;2;20;8;7;17
r;9;8;6;11;8;5
précis;2;3;11;3;9;6
milieu;2;4;22;7;8;19
inscription;4;2;2;2;19;34
imposer;4;6;17;12;3;13
directement;6;7;20;7;6;14
diffusion;11;22;19;5;6;4
voie;2;14;7;11;9;12
religieux;7;3;3;40;5;5
exact;1;3;27;6;12;13
enregistrement;1;11;12;2;13;21
définir;2;4;19;7;15;3
colonne;9;3;0;1;30;15
choix;5;5;7;3;33;10
artiste;4;2;9;29;5;15
aider;2;9;22;11;11;9
adopter;8;6;4;7;32;8
transformer;5;12;9;4;6;19
transformation;3;8;20;3;8;18
tirage;28;2;1;0;18;11
sentiment;2;0;27;11;0;3
renseignement;9;11;2;4;32;3
postal;25;10;1;0;4;17
intérieur;5;12;15;9;11;12
intéresser;12;8;15;12;16;3
industrie;12;21;13;4;7;8
fournir;11;9;6;9;15;9
destruction;23;5;9;3;9;4
copie;3;3;3;7;16;25
angleterre;43;2;1;7;5;7
acte;5;12;10;18;8;8
éventuellement;1;7;4;3;41;8
étendue;6;6;1;3;35;12
unique;6;10;9;3;24;7
union;7;33;4;5;3;2
tirer;11;2;1;9;16;20
supérieur;3;14;7;7;15;8
fond;3;3;18;6;13;14
correspondant;3;7;5;1;30;11
contraire;4;1;19;25;3;8
conférence;7;35;0;9;5;8
combinaison;5;2;10;6;10;25
choisir;4;2;6;16;27;6
branche;12;29;7;3;8;1
apprendre;0;3;8;26;4;6
vaste;8;18;20;8;4;5
surface;0;1;2;0;3;48
partir;14;3;4;15;5;14
multiple;4;3;8;4;25;13
fr;36;3;1;0;2;2
enfant;4;7;7;12;9;11
conservation;4;11;5;2;32;5
civilisation;3;9;18;25;1;6
ville;17;11;1;7;7;18
total;13;1;17;3;18;8
réel;1;5;12;3;9;24
relief;1;0;1;1;3;45
entendre;4;9;8;16;10;13
assurer;11;19;11;1;11;7
économie;2;8;13;3;15;5
mécanique;2;3;7;1;4;34
dégager;3;2;22;5;14;1
comporter;6;6;6;2;19;18
and;3;0;0;1;2;0
accompagner;3;2;3;13;30;10
symbole;0;0;0;6;7;10
rapide;0;3;9;1;12;31
nécessité;6;9;18;6;11;3
exiger;4;4;8;9;15;16
affaire;22;17;3;6;4;4
vendre;42;1;1;1;8;3
typographique;2;1;5;1;4;40
réseau;7;38;2;0;6;0
radio;7;11;8;3;0;25
multiplier;6;9;9;3;14;14
large;5;4;15;11;10;13
guide;5;14;4;3;12;0
discours;0;2;3;32;6;8
conduire;0;2;29;3;10;9
bibliologique;1;1;33;0;9;0
échange;6;32;5;2;4;2
séparer;2;4;7;6;17;19
proposition;7;3;0;3;12;2
propagande;15;6;4;14;3;9
individuel;1;10;26;4;12;5
définition;4;3;11;1;13;2
commerce;22;10;5;4;7;6
belgique;36;9;0;3;5;4
annonce;19;4;2;1;20;1
adresse;18;3;2;4;17;7
reconnaître;3;4;16;19;7;7
précieux;8;5;7;13;11;13
poste;34;6;0;1;1;9
intermédiaire;11;13;8;4;4;8
expérience;3;6;16;4;3;7
correspondre;1;2;5;8;17;11
américain;28;5;2;5;6;5
actuel;1;3;18;10;17;8
travers;1;2;19;13;10;9
récent;10;8;9;5;15;7
relever;5;4;4;5;26;10
rationnel;3;8;10;2;19;6
propriété;8;16;4;1;9;10
modèle;1;6;4;6;16;11
largement;1;10;15;11;12;7
combiner;0;3;8;0;24;10
successif;4;3;11;5;11;5
rubrique;2;0;0;1;42;5
remplacer;4;0;2;11;8;24
objectif;2;7;22;1;8;7
libre;4;8;5;19;14;1
introduire;3;4;13;2;13;14
franc;31;1;2;4;1;9
encre;3;0;0;1;2;41
bois;2;0;1;0;1;45
âme;2;0;15;26;0;4
vol;16;4;2;4;9;7
vivre;5;1;9;24;3;8
style;1;0;2;20;1;4
révolution;18;4;3;17;1;11
photographique;4;3;1;0;6;42
jouer;5;1;2;22;6;16
distance;0;3;2;1;5;42
bulletin;28;13;0;0;7;2
quantité;12;1;12;9;6;5
proprement;4;5;7;5;15;12
noir;2;2;0;2;1;41
maître;8;5;3;17;7;7
masse;8;8;5;14;4;12
imprimeur;20;5;0;3;21;1
facteur;4;9;26;2;2;3
désirable;5;17;4;3;25;0
convention;1;28;0;3;9;3
concerner;3;6;5;3;27;4
complexe;6;6;18;3;4;3
bas;6;2;2;2;25;14
élaboration;0;10;13;0;20;0
voix;0;1;3;17;2;21
tantôt;3;1;6;4;7;6
suffire;6;1;3;5;10;26
saint;3;0;1;31;5;10
rédaction;4;7;6;2;24;2
perfectionner;4;4;20;4;7;12
ordinaire;5;3;3;3;5;14
indépendant;6;12;9;3;11;6
emploi;3;0;4;3;5;30
desiderata;1;14;9;1;17;4
analytique;0;0;4;1;39;2
maximum;2;7;15;0;5;9
individu;2;2;29;6;2;2
difficulté;1;3;20;3;10;10
communication;10;11;10;5;1;12
architecture;1;7;4;8;3;10
utilité;1;9;18;1;16;3
travailler;10;9;16;9;6;2
perdre;3;0;8;27;6;3
méthodique;0;3;2;0;41;1
mètre;7;1;0;0;1;28
extérieur;2;14;13;5;6;7
exercer;4;5;18;17;2;4
démonstration;2;7;1;3;5;11
début;7;4;14;4;4;18
der;18;7;2;1;5;1
conventionnel;2;2;4;2;8;25
bruxelles;10;23;0;3;10;1
baser;2;4;14;6;11;10
vivant;2;3;9;17;3;10
transmettre;5;5;4;15;0;18
soin;4;4;4;3;29;3
résumer;4;0;4;2;19;3
poète;1;0;2;39;2;2
porte;8;4;2;7;15;12
permanent;7;21;6;0;14;2
penser;1;1;15;14;1;5
pagination;0;0;0;0;41;1
mois;20;1;1;2;9;8
liaison;2;14;7;0;14;6
géographique;2;1;2;0;24;14
façon;2;2;7;3;13;16
essai;11;4;3;8;9;12
commission;12;31;0;1;2;2
bibliothécaire;2;27;4;2;7;0
éducation;3;9;8;20;3;5
éditer;18;4;2;1;16;6
structure;0;5;18;0;8;4
scène;2;0;1;4;1;35
projeter;5;2;1;1;3;35
populaire;13;9;3;12;1;6
philosophie;3;1;13;8;6;2
fonds;6;22;0;3;10;4
code;3;16;0;1;14;3
antérieur;3;3;16;1;22;3
xviiie;4;2;1;20;4;16
section;2;19;1;1;19;1
puissant;9;8;19;3;2;6
introduction;6;9;0;1;24;2
contrôle;12;16;1;1;5;7
consulter;0;7;0;2;35;2
conscience;1;0;29;11;1;1
apparaître;1;0;7;4;5;19
reposer;1;9;10;3;10;10
peinture;3;0;1;11;2;21
peine;5;4;8;16;5;7
mobile;1;1;2;2;21;18
formation;0;17;10;3;11;4
faux;2;0;6;23;7;0
difficile;1;2;12;6;9;11
affiche;5;2;0;6;2;22
événement;2;4;7;16;5;5
électrique;1;1;3;0;1;37
stade;2;6;10;1;7;0
répandre;5;7;10;11;3;7
quotidien;34;0;1;2;2;3
pur;3;1;15;4;3;3
préparer;9;6;6;10;8;7
produit;6;9;8;2;7;12
philosophique;2;0;11;23;5;0
monographie;2;1;2;0;30;2
généralement;0;7;3;8;10;15
famille;3;6;5;12;11;2
entrer;4;5;15;5;7;6
entreprise;18;9;6;1;4;5
correspondance;15;6;1;2;15;3
tâche;5;13;8;8;4;2
monument;3;0;5;12;4;18
matériau;2;0;9;3;21;2
immédiatement;2;8;6;3;14;9
esthétique;0;1;16;14;2;5
classique;3;0;4;14;17;2
cité;3;8;1;10;12;3
xixe;2;3;4;15;9;11
sociologie;3;0;27;0;1;0
situation;3;22;2;6;6;3
parvenir;4;5;10;12;3;10
lien;2;12;4;3;9;3
intervenir;4;6;13;1;11;4
imaginer;0;0;7;4;3;23
humanité;0;2;19;20;2;0
durée;2;2;12;4;3;13
concentrer;4;9;5;2;12;7
amener;3;14;2;3;4;12
rédiger;2;6;3;6;18;0
pierre;4;3;1;3;4;25
mort;11;2;1;13;4;12
marque;4;7;0;5;14;9
magasin;11;18;1;1;8;3
inventer;0;1;4;4;2;26
intéressant;8;7;4;6;6;3
facile;5;0;3;4;10;12
détruire;9;3;5;14;3;8
découverte;1;0;18;13;5;6
conséquence;2;3;20;3;5;1
cesse;2;5;20;7;7;2
attacher;0;8;12;4;15;5
animal;2;0;1;3;1;6
actuellement;7;6;4;1;13;7
église;2;3;0;27;1;4
édifice;3;17;3;3;6;5
volonté;0;2;13;5;11;9
varié;4;3;3;0;13;6
tête;3;0;3;2;22;7
travailleur;2;21;2;2;12;2
timbre;12;0;5;2;5;10
rattacher;1;11;8;2;10;7
rapidement;4;5;12;3;4;13
période;0;3;16;13;4;3
orthographe;1;1;0;16;1;12
new;17;4;0;0;3;2
liberté;10;3;11;15;1;2
imagination;0;0;10;21;1;3
entr;2;12;7;2;7;2
embrasser;4;6;14;1;15;2
dr;4;7;1;7;6;10
diriger;2;13;7;13;3;4
concentration;5;19;7;0;7;1
comité;12;19;0;1;7;0
artistique;0;4;3;16;1;14
tendance;8;5;19;6;1;1
susceptible;0;3;15;0;8;3
sortir;4;3;5;7;4;7
programme;1;15;2;1;12;3
observer;0;2;15;11;4;5
marché;23;6;1;1;6;4
italie;22;0;1;6;0;12
extension;3;6;9;2;12;4
entrée;4;2;4;0;25;3
employer;2;1;1;6;7;20
dresser;2;5;3;0;21;8
couvrir;3;7;2;3;11;13
construire;1;5;4;6;1;17
constater;4;2;12;10;8;4
classé;1;2;2;0;32;1
également;1;2;10;2;13;10
écran;0;0;0;1;1;38
transmission;0;4;10;3;1;16
tracer;0;0;2;3;1;28
terre;1;1;5;5;2;21
sommaire;0;1;2;1;28;3
retenir;2;8;6;2;9;7
personnage;1;0;4;14;6;9
modifier;2;3;16;4;6;4
minimum;4;10;4;1;15;3
idéal;2;1;15;8;7;3
grandeur;0;0;2;0;8;28
goût;5;1;11;20;0;3
erreur;0;0;8;3;16;8
désirer;5;2;9;4;7;6
consultation;0;5;3;1;29;3
concret;0;1;7;2;9;6
conclusion;0;5;7;1;12;3
collaboration;8;13;2;0;15;2
charger;11;13;1;6;6;3
capitale;5;7;4;3;4;14
arrêter;4;7;9;7;11;3
thèse;3;8;4;4;14;0
successivement;2;1;18;3;7;7
sembler;2;4;8;10;3;11
rome;10;10;0;4;1;12
préface;3;0;1;7;26;1
portée;0;4;3;7;8;14
phase;0;0;18;4;3;3
payer;26;2;1;4;1;3
ordonner;0;2;2;12;15;1
marquer;6;0;3;2;5;15
lit;2;3;7;6;8;8
industriel;6;15;3;4;4;7
encyclopédique;2;5;1;4;25;0
dépasser;11;6;0;4;1;7
droite;1;0;2;1;9;21
contribution;2;1;5;0;23;4
constamment;1;1;18;3;13;1
cliché;2;1;0;0;3;25
beauté;2;0;13;13;1;6
accroître;6;5;16;3;4;2
vision;1;0;5;5;3;20
trait;1;1;4;4;1;20
répartition;3;8;2;1;11;4
museum;8;5;1;0;6;1
instruction;5;13;2;5;8;3
examiner;1;5;12;2;13;1
coup;3;1;10;8;7;8
contemporain;5;5;5;11;6;5
censure;20;2;5;3;1;3
book;8;1;1;0;4;2
bibliologiques;0;0;23;2;5;0
bible;4;0;1;18;8;3
berlin;24;5;0;1;1;2
antiquité;0;2;1;22;2;7
amérique;21;2;0;6;3;4
élaborer;3;11;8;0;9;2
riche;9;2;5;12;3;4
préparation;2;3;9;2;12;7
plume;0;0;6;1;0;26
lutte;3;3;17;7;1;4
journaliste;13;10;3;5;1;1
inscrire;1;1;3;3;21;7
gros;7;0;2;2;5;12
fascicule;2;1;0;0;30;0
entreprendre;11;7;2;5;9;2
constitution;1;14;8;2;4;1
citation;0;0;1;8;16;2
centrale;7;25;1;1;2;0
central;2;19;2;0;9;3
catalographie;0;3;0;0;30;0
élevé;11;1;5;5;2;8
échelle;1;1;4;1;3;20
simplement;1;1;2;3;10;13
réserver;8;5;4;1;8;9
réforme;6;8;1;7;4;7
psychologique;0;0;28;2;0;2
précéder;3;1;2;9;16;3
londres;13;10;0;0;3;4
linguistique;0;0;16;2;2;1
limiter;4;6;9;2;12;3
impossible;1;4;11;3;7;6
graver;0;0;0;0;3;32
facilité;4;3;1;5;9;10
examen;2;1;14;2;11;3
empire;9;5;6;11;0;3
distribuer;9;8;3;2;11;3
convenir;5;2;4;5;11;9
commencement;2;0;1;9;12;10
cerveau;0;1;21;2;2;5
automatique;2;0;4;0;3;25
attendre;6;5;10;2;6;4
argent;8;3;3;4;2;14
appartenir;4;8;4;5;9;2
académie;4;17;1;5;2;4
toucher;4;2;3;4;2;16
solution;0;8;11;4;2;3
remonter;1;4;0;9;3;17
présentation;1;7;8;1;9;3
poids;0;3;1;2;2;9
placement;3;1;0;0;24;2
ouvrir;8;5;4;2;5;11
occasion;10;1;6;4;6;3
incorporer;0;5;7;2;11;2
guère;3;1;5;15;4;7
firme;7;3;1;0;14;7
discussion;4;4;3;8;7;2
cycle;4;3;9;1;9;4
chemin;12;1;2;1;0;16
champ;1;3;9;5;5;8
carton;0;1;0;0;10;22
autorité;4;9;1;15;3;4
analogue;1;4;8;7;6;3
accord;2;16;4;3;4;2
étroit;0;8;7;6;4;9
tradition;1;0;4;21;2;3
terminologie;3;3;4;0;6;0
supprimer;6;0;4;2;9;14
support;0;0;2;1;1;25
simultanément;1;7;10;0;6;11
récemment;6;6;3;2;3;13
raisonnement;0;0;8;4;3;1
puissance;1;5;8;6;1;11
primitif;0;2;2;13;2;4
planche;0;0;2;1;22;8
papyrus;1;0;1;3;1;20
palais;3;25;0;1;3;0
numérique;0;1;4;1;20;3
laboratoire;2;14;7;0;4;4
europe;11;6;1;8;1;8
différence;6;1;4;5;5;5
chronologique;0;0;3;3;25;0
changement;1;2;10;8;5;4
cercle;4;2;7;7;1;8
avance;10;2;5;2;10;4
achever;7;0;3;1;17;3
étudiant;6;12;6;2;4;1
transport;12;9;1;0;2;4
théorique;0;1;17;2;10;1
spécialité;6;9;1;3;9;1
spectacle;0;0;3;15;0;13
signification;1;0;11;5;1;9
schéma;0;2;5;0;6;16
régulier;2;8;4;4;10;2
russe;5;4;4;9;7;2
rare;1;2;4;3;13;8
rapprocher;0;3;15;1;7;5
proportion;2;3;0;5;6;9
plaque;0;0;0;0;0;32
phonétique;0;0;3;18;0;4
perfectionnement;0;6;12;0;1;11
paul;5;10;0;14;0;2
passage;0;3;6;11;7;6
obliger;9;1;9;6;6;2
normal;3;2;3;3;7;13
k;2;8;2;4;5;6
inspirer;1;2;7;8;4;4
formuler;1;5;6;1;8;0
finir;1;0;10;12;5;3
extrait;1;0;4;4;16;5
enseigner;2;1;5;12;4;2
découvrir;0;1;2;8;3;13
doctrine;4;1;13;10;4;0
circonstance;1;11;9;2;7;4
chinois;1;1;0;6;1;22
chimie;2;2;5;0;9;4
capital;10;8;6;2;3;3
analyser;4;0;9;2;7;1
élémentaire;0;1;1;3;5;3
vieux;7;3;3;9;0;9
séparément;0;1;4;2;20;5
semblable;2;7;7;5;8;1
répéter;1;1;1;6;13;3
rhétorique;0;0;4;9;1;0
précision;1;0;12;1;6;5
plein;6;1;5;6;3;11
paragraphe;0;0;1;1;27;0
mental;0;1;20;3;1;2
louis;17;3;0;4;4;3
intégral;0;3;4;1;10;8
emprunter;1;2;5;3;10;6
culture;1;11;11;5;0;2
clair;1;0;8;0;6;9
xviie;3;0;1;9;2;15
xvie;5;0;0;14;2;11
substitut;0;1;10;2;5;11
spécialiser;6;18;1;0;4;1
somme;8;0;2;13;7;2
sensible;0;2;4;9;0;13
réalisation;1;7;8;6;4;6
renvoyer;2;1;1;2;18;5
religion;4;1;2;22;1;1
rapidité;2;3;9;4;3;8
ramener;0;1;11;7;4;2
pénétrer;6;1;8;11;0;3
ordinairement;4;2;5;3;10;8
moyenne;11;1;0;2;2;14
millier;12;2;3;0;6;5
manquer;6;4;1;4;3;5
illustré;9;0;0;1;7;11
geste;0;0;9;7;0;6
fabrication;6;3;1;1;0;18
estimer;15;3;2;5;4;1
détaillé;1;2;1;0;26;1
dieu;1;0;2;23;0;4
diagramme;0;0;2;0;1;22
conséquent;0;2;16;4;4;6
comparaison;1;0;13;1;0;6
commentaire;0;0;4;9;11;4
clarté;0;0;12;2;3;6
chrétien;3;0;1;23;1;3
avenir;2;3;14;9;1;1
annuel;14;5;0;0;9;1
émotion;0;0;15;7;0;2
voyage;9;2;3;6;8;1
vitesse;1;0;5;0;0;21
substituer;2;1;6;10;3;7
substance;1;0;3;0;0;22
spécialement;2;8;1;5;6;8
sonore;3;1;2;0;1;21
résoudre;1;5;11;2;3;7
renvoi;0;0;1;0;23;2
remarquable;11;2;1;3;8;3
rassembler;3;4;0;4;13;2
position;0;2;1;2;6;12
organisé;3;11;2;2;12;0
mécanisme;0;0;18;1;1;10
multiplication;2;1;3;4;4;14
morale;1;2;12;12;0;0
minute;3;0;1;1;0;24
leipzig;16;6;0;0;2;0
juger;1;4;10;8;4;0
harmonie;0;1;13;8;2;2
habitant;14;1;0;3;0;1
estampe;2;2;1;0;16;9
enquête;3;11;3;2;6;4
descriptif;0;0;8;2;10;6
cote;4;0;0;0;24;2
construction;1;3;1;3;2;6
constant;0;4;12;1;5;3
coeur;2;0;6;18;0;3
citer;4;4;1;5;8;2
chant;0;0;0;18;2;8
auxiliaire;2;3;9;1;10;2
attribuer;2;1;6;9;8;4
aristote;1;0;2;20;1;1
agent;9;6;6;0;3;5
adresser;10;6;2;5;2;4
acheter;19;3;5;1;1;2
york;12;4;0;0;3;1
variété;1;1;8;5;7;4
signaler;3;1;2;4;16;2
secret;7;3;1;7;1;6
répétition;0;1;2;1;5;1
régional;5;22;0;1;2;0
rythme;0;0;7;12;1;8
russie;10;3;0;8;2;5
registre;1;4;1;2;17;4
rappeler;1;0;10;2;4;4
purement;1;4;12;4;3;3
oral;2;1;5;16;0;2
motif;3;3;0;4;7;9
mention;3;0;0;1;22;2
mai;14;2;1;4;3;2
grouper;1;8;0;0;12;3
grammaire;0;0;3;17;0;2
gauche;0;1;1;0;8;16
expliquer;1;1;8;11;6;2
exercice;4;2;3;11;1;1
envoyer;18;5;0;1;3;2
distinction;0;4;2;6;3;2
directeur;11;6;3;4;2;1
didactique;0;1;2;5;1;7
demeure;2;6;1;9;6;4
compter;8;0;0;7;7;7
catholique;9;0;2;15;1;1
biblio;0;1;16;0;6;1
belge;15;9;0;2;0;3
augmenter;2;3;5;9;6;4
affirmer;1;3;14;5;2;1
admettre;2;5;5;6;4;5
abréviation;1;2;2;2;9;11
visible;1;0;2;1;2;22
transcription;0;0;7;13;2;1
supposer;1;0;4;6;8;3
station;7;14;0;0;1;5
spécialiste;1;9;1;4;8;4
simplifier;2;0;4;1;5;14
semaine;17;2;2;3;3;1
résulter;1;3;10;3;5;5
récit;1;0;0;23;0;1
renaissance;2;0;1;10;1;14
recommandation;1;8;2;0;14;0
projet;4;15;0;5;3;0
profession;8;7;2;1;5;1
professeur;2;13;2;2;2;2
métal;0;0;0;0;1;27
membre;5;14;2;3;1;0
longueur;1;1;0;3;3;14
juridique;0;23;0;0;3;0
italien;8;0;1;11;2;5
frais;19;1;0;1;6;0
fonctionner;7;14;1;0;0;7
fer;10;0;1;0;0;18
dépendre;1;7;6;2;5;5
couper;3;0;1;1;5;19
civil;6;7;0;11;3;0
chimique;0;1;4;0;7;9
chef;1;7;3;5;3;8
changer;1;2;5;6;5;6
annoncer;14;0;0;1;10;2
étape;0;1;10;0;2;6
érudition;0;3;3;11;5;1
élève;0;6;2;4;1;1
visuel;0;0;5;3;1;16
univers;2;0;19;4;0;1
tome;0;0;0;1;19;1
sténographie;0;3;1;3;0;13
similaire;0;5;1;1;18;1
réunion;2;7;3;0;10;5
royal;15;3;0;2;2;1
ressource;6;3;1;5;8;4
recueillir;1;4;1;2;10;3
profond;0;0;18;4;0;2
professionnel;4;18;4;1;0;1
personnalité;3;1;4;11;6;2
outillage;2;6;6;0;10;1
miroir;2;1;3;3;1;14
mesurer;0;0;9;1;0;8
marge;0;0;0;1;15;8
lumineux;0;0;0;1;0;25
limite;1;1;10;0;2;9
leçon;1;3;0;8;2;4
jugement;1;3;12;6;2;0
immédiat;1;0;15;2;3;2
illusion;0;0;9;4;0;9
ii;6;1;1;3;8;2
gens;9;2;2;5;2;6
fixe;2;1;0;2;4;13
figurer;0;3;0;1;17;4
explication;0;0;8;1;2;2
essentiellement;1;2;11;2;2;4
enchaînement;0;0;11;1;4;1
efforcer;3;1;16;2;4;2
déposer;7;8;0;2;7;3
défaut;0;4;4;1;11;1
don;4;3;4;9;1;4
destination;4;6;2;2;9;3
coûter;19;1;0;0;3;2
conversation;1;0;1;11;1;9
continu;0;3;4;0;11;6
conseil;7;9;1;2;5;1
confier;2;17;0;3;4;1
compréhension;0;1;15;4;1;2
collaborateur;3;9;1;1;13;1
améliorer;1;2;7;4;8;2
égyptien;0;0;0;13;5;7
zoologie;0;0;0;0;17;0
varier;5;1;1;1;6;11
téléphone;3;5;0;0;2;15
troisième;1;2;2;2;3;6
suggestion;1;1;7;1;4;10
scolaire;4;12;1;1;5;2
révéler;0;1;5;10;2;7
région;1;2;1;2;5;15
réflexion;0;0;12;7;4;3
représentant;7;3;0;3;7;5
renouveler;0;7;11;3;0;5
préciser;1;3;12;0;5;1
producteur;2;11;4;1;1;3
partition;0;0;2;3;2;14
participer;1;3;10;5;0;7
parallèlement;2;3;8;2;3;4
métier;1;3;9;10;2;1
généralité;2;2;5;1;13;3
détermination;1;0;5;0;10;2
dessiner;1;3;2;2;3;14
coordonner;0;6;0;0;9;2
continuité;1;2;4;2;11;4
confusion;0;0;5;7;8;1
classeur;0;1;0;0;22;3
cabinet;5;12;0;1;5;2
brochure;5;1;0;1;18;0
arabe;1;0;0;8;4;11
énorme;8;1;1;6;4;3
énergie;0;0;4;2;1;5
éducatif;1;10;3;2;3;2
télévision;2;1;0;0;0;18
toile;2;0;0;0;9;12
signal;0;0;0;1;0;18
sein;0;19;3;2;0;0
secondaire;1;1;2;1;14;5
répartir;6;4;2;0;10;3
rouleau;0;0;0;0;3;18
roi;9;1;0;9;0;6
remplir;5;2;6;6;2;4
présence;0;1;9;5;7;3
pourvoir;8;3;3;4;5;3
positif;0;4;1;0;5;9
portant;2;0;0;1;17;6
marcher;1;0;10;4;3;2
insérer;4;0;1;0;16;4
installer;6;10;0;1;3;6
hypothèse;0;0;11;5;4;1
foule;1;1;2;15;0;4
fil;2;0;0;2;0;17
dollar;13;2;0;2;3;1
dispositif;0;0;0;0;15;11
courbe;0;0;1;0;0;22
circulation;7;3;1;2;10;1
calcul;1;1;4;0;2;4
british;3;6;0;0;6;1
bande;2;1;0;0;2;20
appel;3;2;7;1;0;12
anonyme;4;2;0;2;14;1
agence;23;1;0;0;0;0
adéquat;2;1;3;1;9;0
étoile;1;0;0;1;6;7
égard;0;3;5;4;2;2
égal;2;2;4;6;3;8
washington;4;5;0;0;1;0
viser;3;1;7;0;9;2
totalité;0;1;14;0;5;2
tomber;3;0;0;17;0;4
syllabe;0;0;0;13;1;6
sculpture;0;1;1;4;0;14
rm;1;0;0;0;3;0
reprendre;7;3;0;4;6;3
renfermer;2;3;0;3;3;10
portrait;2;0;3;1;7;8
parfait;1;0;5;8;0;8
organique;0;7;8;2;2;2
neuf;6;2;1;2;4;7
moral;0;5;4;13;1;1
monnaie;5;0;1;0;3;12
lier;0;2;9;5;0;2
gagner;3;2;10;2;2;4
financier;13;10;1;0;0;0
envoi;9;5;1;0;4;2
entrevoir;1;3;12;0;1;4
entièrement;3;3;7;1;4;4
discuter;1;9;6;5;4;0
corrélations;0;1;4;0;12;0
corrélation;0;4;9;0;8;1
comptabilité;3;6;2;0;6;3
cm;3;0;0;0;4;8
cinématographique;2;5;1;1;1;14
catalographiques;1;0;0;0;22;0
carré;1;0;0;0;0;16
analytiques;0;0;5;0;19;1
actif;2;6;11;2;0;2
achat;15;4;0;0;3;0
accessoire;1;1;4;0;8;7
accessible;3;4;1;4;5;4
vraiment;4;4;9;3;1;2
typographie;3;1;2;1;1;16
trésor;2;6;1;11;1;1
tiers;3;2;4;2;5;6
spectateur;0;0;3;8;0;11
souvenir;3;1;3;8;1;7
soumettre;1;2;11;0;2;7
saisir;0;0;12;0;1;6
régime;2;7;2;9;0;1
règlement;8;11;0;0;1;0
revenir;8;5;2;3;1;5
processus;1;2;17;0;1;2
plutôt;1;3;3;5;3;7
particulièrement;2;6;4;6;1;5
modalité;2;4;4;1;4;5
militaire;9;7;2;2;0;2
juillet;10;11;0;1;0;1
impliquer;0;9;4;0;6;1
faculté;3;2;6;9;0;1
exécuter;4;2;1;2;5;9
extraire;0;0;0;1;8;9
exclusivement;1;7;4;3;5;2
exactement;1;1;5;4;2;2
entité;0;10;2;0;10;0
enlever;2;2;3;5;7;5
eau;0;0;1;3;0;16
désormais;2;4;6;0;3;4
découpage;0;0;0;0;20;1
disparaître;1;1;1;13;0;7
complètement;2;2;5;4;0;3
brevet;1;6;1;0;13;2
bref;0;1;0;6;6;9
bourse;13;8;0;2;0;0
bientôt;2;5;4;2;3;5
assister;3;3;0;10;0;7
american;5;5;0;0;2;0
adaptation;0;1;8;3;2;4
élever;6;3;7;6;0;0
vocabulaire;1;0;1;11;2;0
verre;2;1;0;0;2;18
unifier;1;2;4;2;10;4
und;4;4;1;0;3;0
succéder;1;0;5;2;7;4
succès;8;0;6;2;0;3
spirituel;1;2;5;13;0;1
simultané;0;2;8;1;1;6
rouge;1;3;1;2;0;13
rigoureux;1;0;2;1;5;0
revêtir;1;2;7;1;1;4
précédent;4;1;2;4;6;3
procurer;5;3;4;1;5;3
pousser;0;3;4;8;4;3
population;4;5;1;5;1;2
parcourir;6;1;3;2;1;6
médecine;3;4;1;2;7;4
médaille;1;1;0;1;2;13
moitié;4;2;1;3;2;8
maintenir;5;4;5;1;6;1
jeune;5;0;2;7;2;6
inverse;0;4;6;1;4;8
interprétation;0;0;6;9;3;3
installation;2;11;0;0;5;2
facilement;1;3;3;1;10;3
fabriquer;8;1;1;0;0;12
extrême;0;1;9;5;2;2
département;3;16;1;0;1;1
démontrer;1;2;5;0;0;5
divin;0;0;3;18;0;1
disperser;4;2;3;1;10;1
destinée;1;6;3;3;7;3
delà;1;1;7;3;2;7
coordination;0;9;4;1;6;0
compliqué;1;0;2;3;2;8
campagne;12;4;0;4;1;1
aérien;1;2;0;0;0;16
auditeur;6;0;1;8;0;5
assemblée;1;13;0;2;2;4
artificiel;0;1;8;4;0;7
approprié;0;7;2;0;9;3
abondant;3;4;2;0;7;5
émission;0;12;0;1;4;4
w;2;0;1;1;3;3
transporter;4;1;3;3;3;6
sûr;0;1;1;2;5;7
subdivision;0;0;0;1;14;1
siège;0;7;0;4;10;1
sceau;1;1;1;0;2;7
recourir;2;8;3;0;4;3
prévoir;5;11;2;1;2;0
provenir;7;1;3;2;4;4
perspective;0;1;2;0;1;15
percevoir;0;0;8;1;0;3
mentionner;1;1;1;1;18;0
mauvais;5;0;0;8;3;5
largeur;1;0;2;0;2;15
joint;2;3;2;0;12;0
infini;0;1;7;7;1;6
indispensable;2;2;7;3;3;2
inconnu;1;0;1;6;4;10
incomplet;1;0;5;4;4;2
hauteur;0;1;3;2;2;13
habitude;1;2;2;5;5;4
géographie;0;1;3;5;4;7
fête;0;1;0;12;2;4
futur;1;1;9;2;5;0
frapper;1;0;0;2;4;10
exécution;0;5;4;5;3;5
enrichir;1;2;4;12;1;2
décider;4;2;1;2;10;1
débat;1;5;0;12;0;0
dater;2;0;2;0;9;5
culte;0;0;1;15;0;0
conscient;0;0;9;7;0;0
condenser;0;1;4;2;5;0
cataloguer;2;4;0;1;13;1
caractériser;0;1;14;0;0;4
capable;1;0;10;3;0;2
antique;0;0;0;12;2;6
annexe;1;3;2;1;13;0
analogie;1;0;0;0;3;2
aisément;1;1;3;3;8;2
accomplir;1;1;9;5;3;0
xiiie;4;1;0;3;1;11
volontaire;3;5;4;3;2;0
verso;0;0;1;0;16;2
usuel;2;0;0;2;6;4
ultérieur;0;0;8;0;12;0
systématiquement;4;6;0;1;9;0
subir;2;1;2;3;5;8
stock;15;2;0;0;1;0
signature;1;0;0;0;10;9
second;1;1;2;6;3;1
réponse;4;5;0;3;2;2
référer;0;1;3;0;14;1
rechercher;0;0;2;3;5;7
préoccuper;2;5;1;2;4;0
poétique;0;1;0;17;0;0
photographier;0;0;0;2;1;18
opposer;4;0;1;7;2;1
ombre;0;0;2;1;0;17
nouvel;0;5;1;2;1;11
ministère;9;12;0;0;0;0
légal;3;12;0;0;3;1
innombrable;3;2;5;0;3;2
imitation;0;0;7;4;3;6
illimité;2;1;5;2;2;9
hollande;15;0;0;0;3;0
gazette;12;0;0;2;2;2
fichier;0;1;0;0;19;0
effectuer;4;3;2;0;4;7
départ;1;0;4;3;6;4
déduire;0;0;5;1;0;3
dramatique;0;1;0;13;1;4
célèbre;3;1;2;9;1;2
critère;0;1;10;0;4;0
considération;1;2;5;1;2;1
confondre;0;0;7;4;3;3
composé;0;1;0;2;6;7
complémentaire;0;2;2;0;12;4
complément;1;2;0;1;13;2
comparable;1;1;9;2;2;2
commander;10;1;3;1;2;1
coefficient;2;0;11;0;3;1
chef_d_oeuvre;0;2;3;13;0;2
annuellement;9;5;0;0;5;0
aimer;1;2;2;12;1;1
abréger;0;1;1;1;16;0
aboutir;1;0;12;0;3;3
3e;9;2;1;0;6;2
2e;7;1;0;0;9;1
étiquette;2;0;0;3;9;5
équivalent;2;2;2;2;3;7
épaisseur;0;1;1;0;0;17
valoir;3;3;1;2;6;3
universalis;0;1;0;0;9;0
transcrire;2;0;1;4;2;9
traducteur;2;1;2;8;2;1
standardisation;0;1;2;0;5;5
soulever;0;1;6;8;2;2
sigle;0;1;0;0;4;11
sensibilité;0;0;7;7;0;4
réfléchir;0;0;10;2;2;1
psychique;0;0;18;1;0;1
près_de;9;3;2;2;3;0
provoquer;0;2;7;0;2;8
province;10;9;0;1;0;0
prototype;5;0;1;4;8;2
protection;5;9;0;1;1;2
poème;1;0;0;15;2;2
philologie;2;0;10;1;2;0
pape;6;2;0;7;0;3
paix;6;12;2;0;0;0
nuit;0;2;0;9;1;7
nouveauté;7;4;3;0;5;0
nommer;4;1;0;4;1;4
naissance;1;1;3;4;0;8
métaphysique;2;0;6;8;0;0
monter;3;0;0;1;2;11
kilomètre;3;3;0;0;0;12
juge;3;1;2;9;3;0
journalisme;12;1;2;3;0;1
interne;1;1;4;2;8;1
in_folio;4;0;0;3;11;2
identification;0;0;1;2;11;1
historien;0;1;1;10;7;0
génération;0;0;9;7;2;0
génie;0;1;2;12;0;1
gutenberg;5;0;0;1;0;10
groupement;1;2;6;1;8;1
genève;4;15;0;1;0;0
fonctionnement;3;1;7;0;2;6
feuillet;0;0;0;0;17;2
fermer;4;0;0;9;1;2
femme;2;1;0;8;6;2
faute;0;1;1;6;2;7
fantaisie;1;0;8;4;2;5
espagnol;7;2;0;5;1;4
désir;1;0;7;9;0;0
dépouillement;0;2;0;0;14;1
déclarer;10;2;0;4;2;1
dominer;0;0;10;5;0;2
documenter;0;5;2;1;5;4
demeurer;1;5;2;2;2;3
cuivre;0;0;0;0;1;17
créateur;1;0;5;9;1;1
correction;0;1;5;0;8;5
contribuer;4;2;5;2;3;4
contact;1;3;5;3;1;3
client;12;2;0;0;2;2
chanter;0;1;0;12;2;2
auto;5;1;2;1;3;7
audition;0;1;2;4;0;12
atelier;5;11;1;0;1;2
arbitraire;0;1;4;2;7;2
angle;0;0;2;0;1;11
amour;0;0;9;10;0;0
absolu;1;3;5;1;2;2
élargir;1;1;9;3;3;2
version;0;1;2;11;1;3
vedette;0;0;0;0;16;2
variation;0;1;4;4;3;3
uniforme;0;1;4;6;2;4
télégramme;7;1;0;0;1;4
traditionnel;0;0;4;2;6;7
times;3;2;0;1;7;0
supplément;9;0;0;1;9;0
suffisant;1;3;2;1;4;3
signifier;0;0;1;3;4;8
réclamer;6;2;1;2;0;7
remarquer;1;0;1;14;2;1
relativement;2;0;10;2;3;2
regard;0;0;4;2;5;3
rang;3;0;4;3;6;1
prénom;1;0;0;0;12;1
protéger;6;2;1;1;6;2
prose;0;0;0;14;3;1
possession;1;2;5;5;1;2
plier;1;0;0;0;13;3
parchemin;0;1;0;1;1;16
parallèle;1;2;6;0;2;6
paléographie;1;0;3;6;0;7
optique;0;0;3;0;0;14
numérotage;2;1;0;0;14;1
manifestation;0;1;9;6;1;0
livrer;4;1;4;3;2;4
lisibilité;0;0;1;1;0;12
jean;3;1;0;8;2;4
inventeur;0;1;6;2;0;9
instant;1;2;6;5;0;3
heureux;1;1;2;10;3;2
für;4;4;0;0;3;0
ex_libris;7;0;0;0;6;2
essayer;1;1;2;6;3;4
entraîner;2;5;1;6;2;1
duplicata;0;0;0;0;15;3
distingué;1;0;0;6;9;3
curiosité;3;1;6;3;4;1
couverture;0;0;0;0;15;3
coordonnée;0;0;6;1;7;2
consommation;3;3;1;3;0;6
connexion;1;6;3;1;6;0
communiquer;6;1;5;3;0;2
communauté;0;12;5;0;0;0
chine;1;0;0;7;0;10
cesser;4;1;1;6;3;2
centimètre;0;0;0;0;4;12
centaine;7;3;4;0;1;2
calculer;2;1;0;1;3;9
brûler;2;1;0;12;0;0
biographie;1;0;1;2;12;0
août;9;2;0;2;0;4
almanach;9;0;1;1;3;0
acquisition;1;1;4;5;7;0
accès;1;0;0;3;13;1
accroissement;2;1;6;0;6;1
abstraction;0;1;8;1;2;2
évoluer;0;3;9;0;0;5
éloigner;2;3;4;0;2;6
éliminer;0;1;4;5;5;2
xve;3;1;1;1;1;11
tenue;2;5;2;1;2;2
sérieux;2;2;6;5;1;2
systématisation;0;2;0;0;5;0
spécimen;3;1;0;3;9;0
schématique;0;0;3;0;0;10
satisfaire;1;2;7;2;4;1
sacré;0;0;2;10;2;3
respectif;0;5;4;0;9;0
renseigner;1;4;1;0;11;0
race;0;2;6;10;0;0
prononcer;0;2;1;12;0;3
prolongement;0;2;6;1;1;4
progressivement;0;8;5;1;2;2
press;2;0;1;0;0;0
ponctuation;0;0;1;2;2;8
particularité;1;0;2;3;4;5
otlet;1;9;0;1;2;2
orchestre;1;0;1;1;1;13
nécessiter;1;2;1;1;7;6
numéroté;1;1;1;0;14;0
noter;1;0;1;1;4;2
multitude;0;1;6;3;1;3
modification;1;2;3;2;5;4
mensuel;10;1;0;0;3;2
magazine;8;1;0;1;2;2
lent;1;1;6;0;1;8
lancer;6;0;1;6;3;2
lampe;1;0;0;0;1;14
justifier;1;3;2;1;5;5
justification;0;1;0;0;5;11
intervention;0;1;4;5;0;6
interdire;9;0;2;3;0;3
initiative;1;9;1;3;1;2
influencer;4;4;5;1;1;2
grandir;2;2;6;0;2;1
garder;3;2;1;1;4;5
fédération;7;6;0;0;1;0
fondation;6;7;0;3;0;1
finalement;1;5;7;1;1;2
feu;1;0;1;5;0;9
fatigue;0;0;9;1;1;5
défendre;0;0;1;12;1;2
décoratif;0;0;0;2;1;13
décision;2;5;0;0;8;2
court;2;0;1;2;3;4
conte;3;0;0;11;0;2
concours;4;4;1;3;3;1
complexité;0;0;11;0;3;0
collectivité;2;6;5;2;2;0
chambre;1;8;0;0;2;7
autonome;1;10;2;0;3;1
appendice;0;0;2;0;15;0
antérieurement;1;0;7;4;4;2
alphabétiques;0;0;0;0;9;8
album;1;0;0;0;8;8
affecter;3;4;4;0;1;6
acheteur;14;1;0;1;2;0
accorder;3;1;1;7;0;3
accepter;3;6;1;3;4;0
abstrait;0;0;6;1;0;4
épreuve;2;1;3;0;1;9
épars;0;1;2;10;4;0
victor;3;0;0;7;1;4
universalité;0;0;9;0;4;1
télégraphe;1;2;0;0;0;11
traitement;3;3;1;0;6;1
solide;0;1;3;1;4;5
signalisation;0;0;0;0;3;9
réserve;3;5;6;2;1;0
réduction;2;1;0;0;5;6
réciproquement;0;1;9;4;2;0
recommander;1;2;0;1;8;5
ranger;0;1;1;0;14;1
présent;1;0;1;7;6;2
progresser;2;1;4;1;5;3
prince;5;2;2;3;0;5
plante;1;0;0;1;2;2
pied;4;0;0;2;5;6
orateur;0;1;0;9;0;6
onde;0;3;0;0;0;12
net;1;0;5;0;1;8
kg;5;0;0;0;0;2
initiale;0;0;0;0;6;8
horizontale;0;3;0;0;4;10
honneur;0;4;1;6;1;4
hollandais;11;1;0;2;2;0
hasard;0;2;7;5;2;1
gramme;0;0;0;2;0;2
fréquemment;0;1;1;0;4;8
fragment;0;0;0;1;12;4
favorable;2;3;8;3;1;0
expert;4;3;2;4;2;1
encyclopedia;4;2;0;0;8;0
déterminé;0;4;4;0;5;2
diminuer;2;2;6;0;4;2
didot;7;0;0;0;0;6
danger;6;1;3;4;2;0
critiquer;0;2;3;4;5;1
coûteux;4;5;0;1;4;3
contrôler;1;5;1;0;5;1
conforme;0;3;5;0;5;2
condamner;6;0;3;6;0;0
concordance;0;0;1;0;8;6
clairement;0;1;6;0;2;0
charles;4;1;0;4;2;1
borner;1;0;4;5;6;0
bloc;0;2;0;0;2;12
argument;0;3;1;3;5;0
amateur;4;1;5;1;2;4
admirable;0;2;5;6;1;2
adapter;0;4;5;2;2;3
accent;0;0;5;0;0;6
abonné;16;0;0;0;0;1
abonnement;12;1;0;0;1;1
4e;4;4;0;0;6;2
émettre;3;4;1;1;2;4
élimination;3;0;8;0;4;0
électricité;1;0;2;0;1;11
égypte;0;4;0;7;1;3
éclairer;0;0;8;3;1;3
vertu;0;4;2;5;2;1
studio;3;7;0;0;0;5
spontané;0;0;7;5;0;0
sociologique;3;2;10;0;0;1
simplification;1;1;7;1;2;3
silence;2;0;0;12;0;2
régulièrement;8;3;0;1;3;1
richesse;0;4;2;5;3;2
retour;4;0;1;4;1;6
rencontre;1;0;1;10;1;2
radical;0;0;0;4;5;1
périodiquement;2;5;2;0;6;1
père;2;0;0;8;2;4
président;10;3;1;1;0;0
préliminaire;0;1;2;0;11;1
principalement;2;2;4;2;4;2
philosophe;0;0;3;10;1;1
outil;0;0;7;1;0;5
oriental;1;0;1;9;1;4
nettement;1;0;2;1;4;1
métrique;0;1;0;4;1;6
mundaneum;0;13;0;0;3;0
mission;6;3;1;5;0;0
meuble;1;1;0;0;12;1
merveilleux;1;1;4;8;0;1
manifester;1;0;3;8;0;3
léger;1;1;1;1;0;9
individualité;0;3;8;0;5;0
incunable;0;1;0;4;5;3
illustrer;1;0;0;3;5;6
ignorer;2;0;10;0;1;3
généralisé;1;2;3;0;3;4
généraliser;0;1;9;0;3;0
grèce;0;0;0;13;0;2
globe;2;0;0;3;0;10
fondement;0;2;7;3;1;1
expédition;6;6;0;2;0;2
efficience;1;6;9;0;0;0
détailler;0;0;1;0;9;1
dynamique;0;0;5;0;2;4
durable;0;1;5;1;0;5
diplomatique;6;5;1;2;0;1
diffuser;2;5;3;2;0;1
deuxième;0;1;3;0;5;2
deutsche;3;10;0;0;1;0
croissant;2;2;6;2;1;2
constante;1;5;1;0;9;0
concept;0;0;3;1;1;0
compilation;1;1;0;6;7;0
collectionnement;1;1;0;0;12;0
clavier;0;0;0;0;0;12
botanique;0;1;1;1;6;2
avancer;1;1;5;2;3;0
appuyer;1;1;3;2;5;3
altération;4;0;0;0;2;7
alinéa;0;0;0;0;9;1
agrandir;2;1;1;1;1;8
acteur;0;0;0;4;0;11
accumuler;1;1;3;0;2;1
érudit;4;4;0;4;0;2
élaboré;0;3;2;2;8;0
volant;3;0;1;1;7;1
verticale;0;2;0;1;7;5
ultime;0;2;7;1;2;0
trace;0;1;3;6;2;3
tenter;2;3;1;4;0;0
séparé;1;0;2;0;4;7
synoptique;0;1;0;0;5;2
synonyme;0;1;1;2;8;2
statique;0;0;7;0;2;2
st;5;0;1;4;3;0
risque;6;2;3;1;2;0
remettre;9;1;1;1;3;0
reconstitution;1;0;0;5;0;8
raconter;0;1;0;10;1;2
pseudonyme;1;0;1;3;8;0
primaire;4;1;0;1;5;0
phonographe;0;3;1;1;0;9
peintre;1;0;1;6;0;5
partager;3;1;2;7;1;1
narration;0;0;0;7;1;1
mériter;1;3;3;6;1;0
mélodie;0;0;4;2;1;5
marchand;9;0;0;1;4;1
législation;6;6;0;0;3;0
jeter;5;2;0;5;0;2
intime;1;0;1;10;1;1
insuffisant;1;0;2;2;5;1
instruire;0;1;1;7;1;1
idéologique;0;1;1;0;7;1
hebdomadaire;11;1;0;0;1;0
géométrie;0;0;1;0;2;3
gothique;0;0;1;2;0;9
fruit;0;3;5;3;3;1
fortement;2;2;0;2;1;5
formidable;3;1;5;5;0;0
fameux;7;1;0;4;2;1
face;1;0;1;0;4;5
explicite;0;0;1;1;1;1
exception;1;1;1;0;8;0
espagne;10;0;0;0;1;3
entourer;0;0;0;5;1;9
empêcher;5;0;1;2;2;2
dérouler;0;0;3;1;0;10
dépenser;7;2;2;0;2;1
commenter;4;0;0;3;5;1
codification;0;3;2;0;7;0
clé;0;1;1;4;3;4
chicago;5;1;0;1;1;2
ch;1;0;1;4;2;2
canon;1;0;0;4;0;6
calendrier;1;2;0;0;8;0
bénéfice;10;2;1;0;0;1
budget;8;4;0;0;1;0
bretagne;9;1;0;0;1;2
bleu;1;1;0;0;1;11
bibliophile;1;3;2;1;3;4
autrement;1;0;3;4;1;3
astronomique;0;0;3;0;5;4
associer;1;2;3;2;1;2
annales;6;0;0;6;1;2
amplifier;1;1;2;1;1;4
abandonner;1;1;0;7;1;5
1er;5;2;0;0;6;0
équation;0;0;1;3;1;2
énoncer;0;0;1;2;4;1
éclairage;0;1;0;0;0;8
échelon;0;6;0;0;5;0
von;5;0;0;0;3;0
verbe;0;0;2;1;0;0
vague;0;0;10;0;1;1
usine;1;6;1;1;0;4
user;0;1;0;4;0;4
uniquement;1;1;3;1;3;2
unification;1;4;1;0;4;2
télégraphique;8;0;1;0;1;4
trust;8;2;2;0;0;1
tourner;3;0;1;6;2;2
terrain;1;2;0;2;0;8
terminer;1;0;1;3;4;1
tentative;1;1;1;4;2;2
talent;2;0;5;5;0;2
syndicat;7;5;0;0;0;0
spécialisé;2;3;1;0;7;0
souverain;5;1;0;1;0;6
soutenir;3;1;0;4;3;3
sensation;0;0;3;4;0;3
sectionnement;0;0;0;1;10;0
réglementation;6;6;0;0;0;0
représentatif;0;0;7;0;1;4
rencontrer;1;2;0;3;5;2
reconstituer;3;0;3;2;2;4
rationalisation;0;5;6;0;1;2
prétendre;0;0;4;9;0;0
présider;0;3;5;1;5;0
propos;0;1;4;2;2;1
pliage;0;0;0;0;4;2
perfection;0;1;2;5;0;6
perception;0;0;9;1;0;2
pauvre;2;1;1;9;1;0
parlement;1;4;1;4;0;4
ouvrier;5;4;1;3;0;1
ornement;0;0;0;2;0;10
orient;0;0;0;9;0;5
opéra;0;0;1;5;1;4
opposé;2;0;1;4;2;5
opposition;0;3;3;2;3;2
naturellement;1;0;0;5;5;2
mystique;0;0;0;11;0;1
mur;0;1;0;4;0;8
mourir;0;0;1;10;0;0
mixte;2;6;2;0;1;3
ministre;11;1;0;1;1;0
millimètre;0;0;0;0;1;12
messagerie;12;0;0;0;0;1
marine;4;0;0;0;3;5
juin;7;2;0;1;0;3
jouir;3;1;2;6;0;0
iv;1;1;0;4;5;2
intervalle;0;0;2;0;6;4
instituer;5;5;0;3;0;0
inférieur;3;1;1;5;1;2
géométrique;0;0;0;1;0;4
graduellement;1;6;4;0;2;1
foi;2;1;1;7;2;1
fixation;1;1;6;0;1;4
faveur;2;5;2;4;0;0
excellence;0;5;2;3;4;0
européen;8;0;0;5;0;1
entente;0;11;0;0;2;0
engager;0;4;2;4;3;0
emporter;2;0;3;2;3;2
définitif;2;1;0;0;5;3
défense;3;5;0;5;0;0
décoration;0;1;1;1;1;10
débit;5;0;2;1;0;2
doute;1;1;6;2;4;0
domicile;5;6;0;1;0;1
doigt;0;0;0;0;2;11
discipline;0;0;11;0;3;0
corporation;9;2;0;0;0;2
constitué;1;6;1;0;4;1
composant;0;1;1;0;7;4
civilisé;1;0;2;6;1;0
cire;0;0;0;0;0;14
chercheur;1;3;7;0;3;0
cahier;1;0;1;1;5;6
bâtiment;2;6;0;1;1;1
bibliophilie;2;0;7;3;1;0
biblion;0;0;2;2;0;3
avril;10;2;0;1;1;0
assimiler;0;1;11;1;0;0
armoirie;1;0;0;2;3;4
arithmétique;1;0;0;0;0;3
archéologie;2;0;2;2;2;6
apprécier;0;0;8;4;0;0
apparent;0;0;0;2;4;3
apparence;1;1;5;1;1;2
ami;1;0;1;12;0;0
air;1;1;1;5;0;5
agréable;1;0;3;1;2;3
addition;0;0;2;0;7;3
absence;0;0;0;2;5;4
évidence;0;0;0;0;9;0
épuiser;5;1;0;1;3;2
éprouver;0;0;1;11;0;0
échantillon;2;1;1;0;8;1
ère;0;0;3;3;1;5
xiv;8;0;0;1;0;3
vignette;2;0;0;0;7;4
verset;0;0;0;1;6;0
verser;0;1;0;7;3;1
universitaire;6;5;0;0;1;0
typique;0;4;0;0;9;0
tiret;0;0;0;0;9;4
suisse;9;1;0;0;1;1
suggérer;0;1;1;1;3;4
succession;2;0;2;0;3;4
sphère;1;2;3;0;3;3
régner;3;0;2;6;1;0
réaction;0;0;8;3;0;1
rue;6;0;1;0;0;5
roubakine;0;4;2;1;2;1
reporter;2;0;1;1;5;3
recours;1;0;8;0;1;3
recette;3;3;1;2;2;1
raisonner;0;1;10;0;1;0
quantitatif;0;0;1;3;0;0
pratiquement;3;2;1;1;1;2
plastique;0;0;1;2;0;8
paysage;0;0;1;1;0;10
passion;0;0;4;8;0;1
parisien;10;0;0;0;0;1
parfaire;0;0;1;0;2;9
parenthèse;0;0;0;0;12;0
orienter;2;6;2;0;2;1
négatif;0;0;0;0;0;11
nécessairement;1;1;3;0;3;0
norme;0;1;7;0;4;0
mêler;0;0;3;6;0;1
moine;0;0;0;7;1;5
miniature;1;0;2;1;2;7
milliard;7;2;0;0;0;4
mener;6;1;1;4;0;0
luxe;4;0;0;1;3;4
lointain;0;1;1;4;0;4
ln;1;0;4;2;1;5
lisible;0;0;0;0;2;11
italique;0;0;0;0;5;6
inversement;0;0;2;1;2;3
indirect;3;1;5;0;0;1
indexation;0;0;0;0;12;0
ignorance;1;0;3;3;3;1
identique;2;0;5;2;2;2
iconographie;0;2;2;0;5;1
hachette;10;0;1;0;1;0
généralisation;0;0;7;0;1;2
février;7;1;0;4;0;1
fréquenter;3;2;0;4;2;2
frère;0;1;0;4;2;5
fidèle;1;0;0;5;0;7
favoriser;2;4;5;1;0;0
facture;1;0;0;0;6;5
explicatif;0;1;4;1;6;1
excellent;3;0;4;0;2;3
espéranto;0;4;0;0;5;0
endroit;1;0;0;6;1;5
emballage;0;1;1;0;0;9
efficient;0;7;4;0;2;0
dépêcher;6;0;1;0;0;5
découper;1;0;0;0;7;4
dos;0;1;0;0;12;0
cérémonie;2;2;0;6;0;3
corriger;1;0;2;3;0;7
corpus;0;1;2;2;6;0
considérablement;4;2;0;1;4;2
confection;1;3;2;0;2;5
conclure;5;1;0;2;1;3
comédie;0;0;0;7;1;5
cicéron;0;0;0;7;1;5
chronique;9;0;0;0;2;0
bruit;0;1;2;4;0;5
bouton;0;0;0;1;1;9
biologie;1;2;3;0;3;0
aveugle;2;1;3;2;0;4
autoriser;3;7;0;0;1;1
autodidaxie;1;8;0;1;1;1
aussitôt;1;0;0;9;2;1
assigner;0;1;3;1;6;1
apercevoir;0;0;4;3;3;2
aménager;0;7;1;1;4;0
altérer;1;0;5;3;0;2
absolument;0;1;1;5;3;3
équilibre;0;1;9;2;0;0
épopée;0;0;1;9;0;2
échapper;0;0;3;5;1;2
écarter;0;1;2;0;1;3
vérifier;0;1;5;3;2;1
vulgarisation;0;4;1;1;4;1
vulgaire;0;0;0;5;0;1
voisin;1;1;1;1;3;0
verbal;0;1;2;2;2;1
variable;1;0;2;0;3;5
ultérieurement;0;3;2;1;2;2
témoin;0;1;1;3;0;5
tiroir;0;1;1;0;8;1
théâtral;0;1;1;0;2;8
technologie;0;1;7;0;3;1
taxonomie;0;0;1;0;9;0
subjectif;0;0;10;1;1;0
statut;4;7;0;0;1;0
site;1;0;0;0;1;9
scientific;1;2;1;0;4;0
république;7;1;0;4;0;0
réellement;2;0;2;0;0;6
route;1;0;2;1;0;8
respect;1;0;7;2;2;0
remise;5;3;0;0;3;0
relire;0;0;8;0;2;2
regarder;0;0;0;6;0;5
redistribution;0;2;1;0;6;3
rarement;0;1;0;0;7;2
rapprochement;0;3;1;1;2;0
quart;0;0;1;2;1;5
publicitaire;1;0;1;1;1;8
préoccupation;0;2;6;0;3;0
préférable;0;0;0;0;5;4
provisoire;1;2;5;0;2;1
prof;2;1;0;3;1;3
preuve;0;4;1;0;2;0
polonais;0;4;0;4;3;1
plat;1;0;0;0;5;5
plaisir;0;0;3;5;0;3
photo;1;0;0;0;1;10
perte;3;0;1;2;2;4
pellicule;0;0;0;0;0;12
parer;5;1;0;2;4;0
oreille;0;0;3;1;0;5
obscur;0;0;3;3;0;4
négliger;0;1;4;5;1;1
nomenclature;0;0;1;1;3;1
napoléon;7;1;0;1;0;1
munir;1;2;1;0;3;2
multiplicité;0;1;1;1;4;1
moulage;0;2;0;0;0;8
morceau;0;0;0;2;4;4
moeurs;0;0;3;7;0;0
mobilier;1;5;1;0;3;1
mince;0;0;1;0;6;3
millésime;0;1;0;0;10;0
maurice;3;1;1;2;4;1
matin;8;0;1;1;0;1
légende;1;0;0;1;1;9
lourd;0;1;4;0;4;2
loisir;2;2;3;4;1;0
list;1;2;0;0;2;0
limité;1;1;1;3;5;1
lanterne;0;0;0;1;0;10
jules;1;0;0;10;1;0
jpg;0;1;2;0;6;1
isoler;0;0;3;0;4;5
intégralement;0;0;1;0;6;4
inspiration;0;0;2;7;2;0
initial;0;1;0;0;3;4
inconvénient;0;0;7;0;4;0
improvisation;0;0;0;10;0;0
imiter;1;0;1;6;0;4
iii;2;0;0;1;9;0
henri;6;0;0;2;4;0
graveur;1;0;0;1;2;8
fusion;1;6;0;0;3;2
fur_et_à_mesure;2;4;1;1;3;0
foyer;1;2;1;3;0;4
forêt;3;0;0;0;0;8
folklore;1;0;3;5;1;0
foire;4;2;0;0;1;4
fac_similé;1;2;0;0;7;2
externe;0;1;4;0;6;0
exclure;4;1;1;1;3;2
enluminure;1;0;0;2;1;6
empreinte;0;0;0;1;1;8
empereur;0;1;0;8;0;2
détacher;1;0;5;0;3;2
délicat;0;0;4;2;0;3
drame;0;0;0;5;0;7
différencier;1;2;1;0;4;3
dialogue;0;1;1;4;1;3
curieux;5;1;0;4;2;0
croix;1;3;0;0;3;3
coucher;0;0;0;1;1;9
coquille;1;0;0;0;0;9
convaincre;0;0;2;7;0;1
conformément;1;2;4;2;2;0
compagnie;10;1;0;0;0;1
combiné;0;1;0;0;6;3
coller;0;0;0;0;5;6
clef;0;0;0;2;1;8
ciel;0;0;0;4;0;7
chronologie;0;1;1;2;8;0
chaîne;2;4;1;0;1;4
canada;8;3;0;0;0;1
cacher;0;0;1;2;2;3
brillant;1;0;2;2;0;6
borne;0;1;5;2;1;2
bilan;1;5;0;2;2;0
autriche;10;2;0;0;0;0
attirer;2;0;0;5;0;4
assimilation;0;0;2;1;1;2
articulation;0;0;0;5;0;1
arbre;1;1;0;0;3;5
appréciation;3;0;5;0;3;0
approfondir;0;4;7;0;1;0
approcher;0;0;1;2;1;4
annotation;0;0;4;0;3;3
anatomie;0;1;1;0;5;0
albert;2;0;0;6;1;1
absorber;1;0;5;1;1;3
étalage;6;1;2;0;2;0
éphémère;1;0;5;0;2;3
émaner;4;2;1;1;1;2
éloquence;0;0;0;7;0;0
écouter;0;0;0;8;0;2
zeitung;6;1;0;0;1;0
xxe;1;0;0;3;1;4
végétal;0;0;0;0;1;4
voltaire;0;0;0;4;6;1
voeu;0;9;0;0;2;0
visage;1;0;2;0;0;6
vibration;0;0;0;0;0;10
utilisable;0;1;0;0;1;8
téléphonique;4;0;0;1;1;5
turc;0;0;0;2;0;8
trouble;0;1;4;1;2;3
triple;1;2;4;0;2;2
tribune;2;0;0;6;0;2
transparent;0;1;0;0;0;8
tragédie;0;0;0;6;0;5
thomas;0;0;1;5;2;2
terrestre;0;0;0;1;0;8
tarder;2;1;5;3;0;0
sûreté;2;3;1;0;2;0
sélectionner;0;0;0;0;3;5
sélection;1;0;4;0;4;1
susciter;1;2;3;1;0;2
suprême;0;1;6;3;0;1
standardiser;0;1;2;0;5;3
standard;2;1;0;0;3;3
souci;0;0;0;5;2;3
soleil;0;0;0;1;0;10
simplicité;0;0;3;3;1;2
satisfaction;0;0;5;5;1;0
réédition;4;0;0;0;5;1
révélation;0;1;0;9;0;1
révolutionnaire;3;1;4;1;0;1
résolution;2;7;2;0;0;0
répercussion;0;1;7;1;2;0
régularité;0;2;2;0;1;4
retard;1;2;1;1;6;0
reprise;4;2;1;2;1;1
refonte;2;2;1;1;5;0
recto;0;0;0;1;9;1
pédagogie;5;0;2;2;0;1
prouver;0;2;1;4;0;0
profit;3;2;2;2;0;1
poussière;0;0;1;1;3;5
platon;0;0;1;7;0;0
physiologique;0;0;8;0;0;3
ordonnance;4;0;1;0;2;0
opaque;0;1;0;0;0;10
obligatoire;5;1;1;4;0;0
nuance;0;0;4;1;0;3
nord;3;0;0;7;0;0
noble;0;0;0;11;0;0
navigation;1;2;0;2;0;5
mystère;0;0;0;8;0;2
musicien;0;0;2;2;1;5
mars;10;0;0;0;0;1
marchandise;3;1;4;0;0;2
mappemonde;0;1;0;0;1;7
lyrique;0;0;1;9;0;0
louvain;5;0;2;1;3;0
localité;1;3;0;1;0;6
lithographie;0;0;0;0;0;11
lever;1;0;0;0;0;9
lacune;0;0;1;2;6;0
juif;1;0;0;8;1;0
jardin;3;1;0;2;0;3
japon;4;0;0;1;1;3
james;4;0;0;1;0;2
isolé;0;2;0;1;6;2
inutile;0;1;6;1;1;2
intégrer;1;1;1;0;7;1
instructif;1;1;5;0;0;4
innovation;0;1;6;1;1;0
inconscient;0;0;8;3;0;0
incendie;8;0;0;0;0;1
impressionner;0;0;0;4;0;7
impersonnel;1;0;5;0;3;2
iconographique;0;0;0;2;7;2
hygiène;0;2;3;1;4;1
générique;0;0;0;0;5;5
germe;0;1;0;2;2;0
fugitif;0;1;3;2;0;4
folio;0;0;0;0;5;0
fleur;3;0;0;1;1;4
familier;0;0;2;4;1;1
faible;1;1;2;2;1;3
extraordinaire;1;0;4;2;0;4
exigence;0;1;4;1;5;0
exclusif;2;2;2;1;2;2
ernest;1;1;1;2;1;1
enchaîner;0;0;2;1;0;0
encadrer;1;0;2;2;2;3
efficace;3;1;2;0;0;4
ecclésiastique;1;0;0;8;2;0
déplacer;0;0;1;1;3;5
déplacement;2;1;1;1;5;0
dépendant;0;5;2;1;1;1
dur;0;0;2;4;0;4
dominant;0;0;5;2;0;3
différer;1;0;3;3;3;1
das;4;1;1;2;0;0
cursif;0;0;0;0;0;9
creux;0;0;0;0;0;9
coutume;1;2;3;3;2;0
courir;0;2;0;1;5;3
copiste;3;1;1;4;0;2
coopérative;0;8;1;0;1;0
continuellement;1;2;2;2;2;1
confus;1;0;6;3;0;0
combat;0;0;1;5;0;2
christ;0;0;0;5;1;4
chanson;1;0;0;1;0;9
cartographie;0;0;2;0;0;8
carnet;1;0;1;1;3;3
bout;0;1;0;1;1;4
banque;8;0;0;0;1;2
automatiquement;1;1;0;0;2;7
armée;7;0;1;0;1;1
archiviste;0;8;0;0;2;0
architecte;2;5;0;2;0;2
approfondi;0;0;6;2;2;0
anvers;9;0;0;0;0;0
annoter;0;2;2;2;2;0
animé;0;0;2;1;0;7
andré;4;0;0;6;1;0
alimenter;3;1;0;0;3;2
agriculture;1;5;2;0;0;2
affinité;0;0;0;0;5;0
accuser;4;0;0;3;0;2
abstraire;0;0;1;1;1;2
abrégé;1;0;0;1;4;2
éventuel;1;1;1;0;6;0
évangile;1;0;0;7;1;1
éternel;0;0;1;7;1;0
étage;0;7;0;0;0;2
énoncé;1;0;1;0;3;0
écouler;2;1;4;0;3;0
zoologique;2;0;0;1;3;1
yves;0;0;1;0;6;2
voyageur;4;1;0;0;0;5
vice;0;1;0;8;0;0
vertical;0;1;0;0;7;1
tuer;2;0;0;1;0;5
train;2;0;0;2;1;3
temple;0;5;0;2;1;2
sûrement;0;0;5;2;1;2
syntaxe;0;0;0;4;0;0
synoptiques;0;0;1;0;2;3
succursale;3;7;0;0;0;0
statue;0;0;0;4;0;5
spéculation;3;0;4;1;0;2
spécialisation;0;4;4;0;2;0
songer;2;1;0;5;0;1
sol;1;0;0;4;0;4
shakespeare;0;0;0;8;0;1
santé;0;6;0;3;1;0
sacrifice;1;1;1;3;1;2
rétine;0;0;1;0;0;9
résistance;0;0;4;0;0;5
réfléchi;0;0;6;1;0;2
rédacteur;4;3;0;0;1;0
revision;0;3;0;4;2;0
ressemblance;0;0;6;1;1;1
responsabilité;4;4;1;0;1;0
reposant;0;0;3;0;0;2
repos;0;1;2;1;1;2
reportage;3;1;0;0;1;5
rejeter;0;0;1;0;5;3
refléter;0;0;6;0;1;2
recommencer;0;0;0;2;6;1
pâte;5;0;0;0;0;4
puiser;1;0;1;2;5;1
prêtre;1;0;0;9;0;0
précédemment;0;2;4;0;1;3
préconiser;0;2;0;1;6;1
précaution;1;1;0;0;4;4
prospectus;2;0;0;0;5;1
progressif;1;1;4;1;1;1
profiter;4;1;1;4;0;0
pp;1;2;0;0;2;1
possesseur;3;0;0;2;5;0
plantin;6;1;0;0;1;1
plagiat;0;0;0;5;0;0
photogravure;0;0;0;0;0;10
peser;0;0;1;1;1;3
partiel;2;0;3;1;3;1
pareil;0;4;1;1;2;0
ouverture;3;1;0;0;3;3
orgue;0;0;0;2;0;7
oratoire;0;0;0;10;0;0
optimum;0;1;2;0;3;1
occidental;0;0;1;6;2;1
observateur;0;0;6;0;0;3
obligation;2;2;1;1;1;2
nu;0;1;1;3;0;4
nonpareil;1;0;0;0;0;3
métallique;2;0;0;0;0;7
médiocre;0;0;1;7;1;1
mutuel;2;3;4;1;0;0
muséographie;0;4;1;0;2;0
mural;2;1;0;2;2;2
monopole;9;0;0;0;0;0
minéral;0;0;1;0;0;6
minuscule;0;1;0;1;3;5
message;1;1;1;1;0;5
mentalité;1;1;7;0;0;0
maîtresse;1;0;0;2;0;2
marcel;5;3;0;0;1;0
manipulation;1;1;0;0;6;1
magnifique;1;1;1;5;1;1
lyon;4;5;0;0;0;1
livraison;0;1;0;0;8;0
liturgique;0;0;0;7;0;2
lenteur;2;1;4;0;0;1
jésus;2;0;0;2;0;5
justice;2;2;3;3;0;0
jeunesse;1;1;5;1;0;1
investigation;0;0;8;0;1;1
intimement;0;1;6;2;0;0
interpréter;0;0;5;2;0;3
instaurer;2;4;0;1;2;0
idéologie;2;2;4;2;0;0
idéographie;0;0;1;0;0;2
idéogramme;0;0;0;0;0;3
identifier;0;0;1;3;5;0
homogène;0;0;1;2;2;3
haye;1;7;0;0;1;0
habituer;0;0;1;6;0;1
gratuit;5;2;1;1;0;0
gras;0;0;0;4;1;5
grammatical;0;0;0;3;2;0
gloire;0;0;0;8;0;1
germanique;0;0;2;5;1;1
gain;5;0;5;0;0;0
frac;1;1;0;0;5;0
formulaire;0;1;0;0;0;2
forcément;1;0;7;1;1;0
finance;0;7;1;0;0;1
figuré;0;0;0;3;1;1
feuilleter;0;0;1;1;8;0
extrêmement;0;0;4;2;0;3
exploitation;6;1;0;1;0;2
espoir;1;1;1;6;1;0
entretenir;1;6;2;0;0;1
engendrer;0;1;1;3;1;3
effacer;0;0;1;6;0;3
désireux;2;2;2;2;2;0
décor;0;0;1;3;0;5
décomposer;0;0;1;0;1;2
décembre;7;1;0;2;0;0
doubler;3;2;2;0;2;1
doter;2;4;3;0;0;1
dialecte;0;1;1;5;0;2
devise;2;0;1;5;2;0
cour;3;4;0;0;2;1
copier;0;0;0;3;2;4
coopératif;1;7;0;0;1;0
consommer;7;0;0;1;0;2
conformer;0;0;2;0;6;1
confiance;3;3;4;0;0;0
conduite;0;0;7;2;0;0
concis;0;0;1;0;6;0
comptable;1;1;0;0;6;1
complication;0;0;0;1;4;4
commettre;3;2;0;1;3;0
colis;6;0;0;0;0;3
clientèle;4;1;2;3;0;0
cinématographie;0;6;0;0;0;3
cinématographe;0;3;0;1;0;6
cheval;1;0;0;0;3;6
centraliser;1;3;0;0;4;0
cellule;0;1;2;0;0;6
cathédrale;0;0;0;7;0;2
catalogage;0;1;0;1;7;0
capacité;0;1;3;1;0;4
calligraphie;0;0;0;0;0;9
bernard;3;0;2;4;0;1
bataille;2;0;2;4;0;1
avis;4;1;1;0;3;1
audible;1;0;0;0;0;9
associé;1;2;4;2;0;1
asie;4;0;0;4;0;2
applicable;1;0;1;0;6;0
animer;1;0;2;0;0;2
alexandrie;0;4;0;2;2;1
agrandissement;0;2;0;1;0;7
advenir;0;1;1;6;1;0
actualité;4;3;1;2;0;0
abraham;1;0;0;1;0;6
aborder;1;1;0;1;4;2
abbé;6;1;1;0;1;1
éveiller;0;0;2;4;0;2
évaluer;2;0;2;0;0;4
étroitement;0;1;1;0;1;0
épique;0;0;0;8;0;1
épigraphie;0;0;0;1;1;7
épargner;4;1;1;1;1;1
économiser;1;1;0;1;3;1
écho;2;1;1;1;0;3
z;0;0;0;2;0;4
xive;2;0;0;2;1;4
vii;2;0;1;1;3;1
vert;0;1;0;0;0;8
vatican;6;1;0;0;0;1
vapeur;1;1;2;0;0;4
vain;0;1;2;2;1;1
télégraphie;3;0;0;0;0;6
transition;0;0;1;0;2;4
tonne;5;0;0;0;0;2
taxe;5;1;0;0;0;1
taine;0;0;4;4;0;0
tache;0;0;0;0;2;7
tablette;1;0;0;0;0;7
sévère;1;0;1;4;1;2
synthétiser;1;1;4;0;1;2
strict;0;1;1;1;5;1
spécifier;0;0;0;0;7;0
spencer;2;0;2;1;1;1
souple;0;1;1;0;2;4
society;1;2;0;0;1;0
signer;0;0;0;1;6;2
sec;0;0;0;1;1;7
salon;2;4;0;1;0;2
rêve;0;0;0;7;0;1
rétablir;0;1;1;6;0;1
répartie;2;2;0;0;4;0
régler;1;3;1;0;0;4
réciproque;0;0;7;1;0;1
réception;1;0;0;0;1;5
ruine;0;0;0;4;0;4
ressortir;0;0;0;1;6;0
respecter;1;2;0;0;4;1
renoncer;0;1;2;4;2;0
rendement;0;3;4;0;0;1
rejoindre;0;7;0;0;2;0
recouvrir;0;0;1;1;0;7
radiophonique;4;1;0;0;0;4
radiophonie;1;2;0;0;0;5
radiodiffusion;0;6;1;0;0;2
prêter;0;3;0;2;4;0
préférence;0;0;1;0;4;2
propagation;1;1;4;2;0;0
profondément;0;1;4;2;0;1
profondeur;0;0;3;3;0;3
proclamer;1;1;2;4;0;0
prière;0;2;0;5;1;0
privilège;4;0;0;3;0;2
pratiquer;1;1;1;4;0;0
pleinement;0;0;5;3;0;0
piano;1;0;0;1;0;7
phénicien;0;0;0;0;0;7
physiologie;0;0;2;1;3;2
phonographique;0;0;0;0;2;6
perforation;0;0;0;0;4;4
peindre;2;0;1;1;1;2
patience;1;2;4;1;0;1
pascal;1;0;0;7;0;1
parlant;0;0;0;1;1;7
parfaitement;0;1;1;0;0;4
ouïe;0;0;4;1;0;3
ouvert;2;0;0;0;2;4
oublier;0;0;2;0;4;0
orientation;0;2;4;0;0;0
opérateur;2;0;0;0;0;6
omission;0;0;0;3;2;0
occident;0;1;0;6;1;1
objection;0;0;4;5;0;0
numérotation;0;0;0;0;7;1
méthodologie;0;0;2;0;5;0
mécaniquement;0;0;0;0;4;1
municipal;0;8;0;0;0;0
moule;0;0;2;1;2;4
moscou;2;2;0;0;4;1
microscopique;0;0;0;0;3;6
microphone;2;1;0;0;0;6
mercure;4;1;0;3;0;1
mer;0;1;1;0;0;6
martin;3;2;0;1;1;0
maquette;0;0;1;1;0;7
manier;0;1;3;0;2;2
majuscule;0;2;0;0;1;6
magique;0;0;0;0;0;9
luther;2;0;0;7;0;0
lettré;0;0;0;7;0;2
lentement;0;0;5;1;0;0
larousse;3;1;0;0;5;0
joindre;1;0;2;2;3;1
jahrbuch;8;0;0;0;1;0
intercaler;0;0;0;0;5;4
intention;1;0;1;0;2;2
intelligible;0;1;3;0;1;0
instinct;0;0;2;5;0;1
instantanément;1;0;0;0;0;6
insecte;1;1;0;0;0;7
initiation;1;0;5;0;2;0
ingénieur;0;1;1;0;3;4
informer;0;1;2;5;0;1
indépendance;8;0;0;0;1;0
inde;1;0;0;5;0;3
impossibilité;1;1;1;0;3;0
immensément;1;0;3;2;0;2
identité;0;1;0;0;7;0
héliogravure;1;0;0;0;0;8
hébreux;0;0;0;6;0;3
hiéroglyphe;0;0;2;2;0;4
handbuch;2;3;0;0;1;0
guider;0;0;4;1;0;1
grave;0;0;2;3;0;1
gratuitement;3;5;0;1;0;0
graphologie;0;2;6;0;0;0
graphie;0;1;2;0;2;2
grain;0;0;0;1;1;6
genèse;0;2;6;0;1;0
gaz;1;0;0;0;1;5
fécond;0;1;0;3;1;0
frontispice;0;0;0;1;6;1
françois;4;0;1;4;0;0
fonctionnaire;2;4;0;2;1;0
fable;0;0;0;6;0;3
expérimental;1;0;4;0;2;1
expressif;0;0;1;2;1;2
essor;2;0;0;0;0;7
essence;0;1;2;5;0;1
esquisse;0;2;1;0;3;3
esperanto;0;1;1;4;2;1
enveloppe;0;0;1;0;4;3
emplacement;1;0;1;0;5;1
emparer;1;2;0;4;0;1
efficacité;0;2;0;1;0;5
effectif;1;2;2;2;0;1
détourner;1;0;6;2;0;0
déterminant;0;2;2;1;4;0
désordre;0;4;1;1;1;0
désignation;0;0;0;0;8;1
dériver;0;0;2;0;0;5
dépositaire;6;2;0;1;0;0
dénomination;4;0;0;0;3;2
déformation;1;0;4;0;0;3
définitivement;1;2;0;6;0;0
décret;7;0;0;0;1;1
déchiffrement;0;0;0;1;0;7
diversité;0;2;2;2;2;0
distinctement;0;1;0;0;8;0
dissertation;1;3;0;0;4;0
disciple;0;0;0;7;1;0
digne;0;4;2;2;0;1
die;1;0;1;0;0;1
den;1;2;0;0;2;0
danse;0;0;1;2;0;1
cylindre;0;1;0;0;0;7
crise;1;1;3;4;0;0
crayon;0;0;0;0;1;7
course;0;0;1;2;1;4
courrier;6;1;0;0;0;2
couronne;7;1;0;0;0;1
contrat;4;4;0;0;0;1
contraindre;1;1;2;2;2;1
consacré;2;2;0;3;2;0
conquête;2;1;0;6;0;0
concourir;0;2;2;2;2;1
comte;1;1;0;2;3;0
commode;0;0;1;1;3;3
commentateur;0;0;0;4;4;0
commande;7;1;0;0;0;0
combine;0;1;0;0;4;2
combattre;3;0;0;4;0;1
colorier;0;0;0;0;1;8
colonial;2;3;0;1;0;1
citoyen;5;3;1;0;0;0
cinémathèque;2;2;0;0;3;0
chèque;1;1;0;0;0;6
charte;0;4;1;0;2;1
certitude;0;0;0;6;2;0
centime;5;0;0;1;1;1
catalographique;0;1;0;0;7;0
cachet;0;0;1;0;1;5
börsenverein;8;0;0;0;0;0
bénéficier;1;1;5;1;1;0
brochage;0;0;0;0;9;0
bord;0;0;0;4;2;1
bibliométrie;0;0;2;0;1;2
bibliography;1;0;0;0;4;0
beaux_arts;0;2;1;1;3;2
bacon;0;0;2;4;3;0
auspice;2;5;0;0;1;0
astronomie;2;0;0;1;1;0
arrêt;0;0;0;1;0;4
après_des;1;1;1;2;3;1
allure;0;1;0;6;0;2
alexandre;0;0;1;7;0;1
alcan;4;0;0;1;3;0
aile;0;1;0;2;0;6
acoustique;0;0;0;0;0;9
achèvement;0;0;0;0;9;0
abstenir;1;1;1;1;5;0
6e;2;2;0;1;3;1
5e;3;3;0;0;3;0
évidemment;0;0;6;1;0;1