fogg;656;nr
passepartout;431;nr
heure;311;nom
phileas;301;nr
mr;289;nr
fix;276;nr
répondre;231;ver
jour;157;nom
aller;149;ver
prendre;145;ver
aouda;136;nr
mrs;131;nr
passer;129;ver
train;128;nom
maître;119;nom
voir;109;ver
homme;106;nom
gentleman;105;nom
temps;104;nom
grand;104;adj
demander;104;ver
arriver;103;ver
trouver;88;ver
partir;85;ver
paquebot;84;nom
arrêter;84;ver
venir;83;ver
quitter;83;ver
femme;78;nom
anglais;78;adj
voyageur;76;nom
jeune;74;adj
livre;73;nom
mettre;72;ver
moment;71;nom
main;71;nom
reprendre;70;ver
attendre;67;ver
écrier;66;ver
mer;66;nom
tenir;65;ver
rester;65;ver
kong;65;nr
hong;65;nr
effet;65;nom
londres;63;nr
coup;63;nom
bord;63;nom
wagon;61;nom
comprendre;61;ver
bombay;61;nr
voyage;60;nom
ville;60;nom
monde;60;nom
long;57;adj
soir;56;nom
garçon;56;nom
sir;55;nom
instant;55;adj
police;54;nom
minute;54;nom
laisser;54;ver
inspecteur;54;nom
affaire;54;nom
francis;53;nr
club;53;nom
pied;52;nom
donner;52;ver
regarder;51;ver
premier;51;adj
domestique;51;nom
départ;50;nom
dernier;50;adj
fois;49;nom
vent;48;nom
station;48;nom
port;47;nom
montrer;47;ver
entendre;47;ver
cromarty;47;nr
suivre;46;ver
seul;46;adj
route;46;nom
manquer;46;ver
rendre;45;ver
matin;45;nom
agent;45;nom
yokohama;44;nr
tour;44;nom
oeil;44;nom
marcher;44;ver
indien;44;nom
gagner;44;ver
passager;43;nom
pari;43;nom
paraître;43;ver
inde;42;nom
guide;42;nom
capitaine;42;nom
travers;41;nom
nuit;41;nom
navire;41;nom
américain;41;nom
vitesse;40;nom
tête;40;nom
sembler;40;ver
retard;40;nom
perdre;40;ver
maison;39;nom
compagnon;39;nom
terre;38;nom
reform;38;nr
partie;38;nom
entrer;38;ver
vapeur;37;nom
porte;37;nom
pilote;37;nom
français;37;adj
bientôt;37;adv
angleterre;37;nom
petit;36;adj
offrir;36;ver
mongolia;36;nr
milieu;36;nom
fer;36;nom
eau;36;nom
revenir;35;ver
pont;35;nom
place;35;nom
descendre;35;ver
état;34;nom
éléphant;34;nom
voleur;34;nom
midi;34;nom
aussitôt;34;adv
traversée;33;nom
traverser;33;ver
suivant;33;adj
seulement;33;adv
pays;33;nom
parler;33;ver
new;33;adj
doute;33;nom
connaître;33;ver
général;32;adj
beau;32;adj
ajouter;32;ver
suer;31;ver
stuart;31;nr
rangoon;31;nr
neuf;31;adj
liverpool;31;nr
jouer;31;ver
courir;31;ver
convenir;31;ver
compagnie;31;nom
chose;31;nom
york;30;nom
sortir;30;ver
rue;30;nom
lever;30;ver
honnête;30;adj
consul;30;nom
colonel;30;nom
chambre;30;nom
carnatic;30;nr
vivre;29;ver
sorte;29;nom
sentir;29;ver
san;29;nr
recevoir;29;ver
porter;29;ver
jeter;29;ver
compter;29;ver
calcutta;29;nr
apercevoir;29;ver
andrew;29;nr
air;29;nom
agir;29;ver
quai;28;nom
parsi;28;nom
pagode;28;nom
honorable;28;adj
haut;28;adj
francisco;28;nr
chemin;28;nom
cas;28;nom
voix;27;nom
retenir;27;ver
mot;27;nom
franchir;27;ver
compte;27;nom
steamer;26;nom
prêt;26;adj
penser;26;ver
parole;26;nom
moyen;26;adj
mandat;26;nom
détective;26;nom
commencer;26;ver
atteindre;26;ver
voile;25;nom
voie;25;nom
somme;25;nom
servir;25;ver
proctor;25;nr
mécanicien;25;nom
monter;25;ver
locomotive;25;nom
john;25;nr
hôtel;25;nom
décembre;25;nom
difficile;25;adj
cri;25;nom
échapper;24;ver
vrai;24;adj
ouvrir;24;ver
octobre;24;nom
occuper;24;ver
nom;24;nom
ligne;24;nom
juge;24;nom
immense;24;adj
honneur;24;nom
henrietta;24;nr
diriger;24;ver
devenir;24;ver
conduire;24;ver
coeur;24;nom
bras;24;nom
voiture;23;nom
séparer;23;ver
sieur;23;nom
reconnaître;23;ver
question;23;nom
mauvais;23;adj
lieu;23;nom
collègue;23;nom
brigadier;23;nom
amérique;23;nom
accomplir;23;ver
absolument;23;adv
tomber;22;ver
regard;22;nom
rail;22;nom
prix;22;nom
omaha;22;nr
nouveau;22;adj
neige;22;nom
côte;22;nom
bateau;22;nom
apprendre;22;ver
vol;21;nom
unir;21;ver
tankadère;21;nr
simple;21;adj
service;21;nom
présenter;21;ver
précipiter;21;ver
prononcer;21;ver
peine;21;nom
passage;21;nom
machine;21;nom
japonais;21;adj
idée;21;nom
emporter;21;ver
embarquer;21;ver
couvrir;21;ver
conducteur;21;nom
condition;21;nom
chance;21;nom
cabine;21;nom
brave;21;adj
blanc;21;adj
vie;20;nom
vaste;20;adj
traîneau;20;nom
retrouver;20;ver
mouvement;20;nom
montagne;20;nom
journée;20;nom
goëlette;20;nr
froid;20;adj
feu;20;nom
espérer;20;ver
esprit;20;nom
bureau;20;nom
brûler;20;ver
battre;20;ver
banque;20;nom
approcher;20;ver
apparaître;20;ver
territoire;19;nom
speedy;19;nr
simplement;19;adv
rouge;19;adj
rentrer;19;ver
rajah;19;nom
possible;19;adj
permettre;19;ver
part;19;nom
noir;19;adj
nez;19;nom
lancer;19;ver
jeu;19;nom
intérêt;19;nom
former;19;ver
façon;19;nom
face;19;nom
droit;19;nom
chercher;19;ver
charger;19;ver
arrivée;19;nom
établir;18;ver
élever;18;ver
écouter;18;ver
sud;18;nom
songer;18;ver
sauter;18;ver
prime;18;nom
pousser;18;ver
parcourir;18;ver
membre;18;nom
large;18;adj
gros;18;adj
foule;18;nom
européen;18;nom
calme;18;nom
briser;18;ver
allahabad;18;nr
évidemment;17;adv
tirer;17;ver
suffire;17;ver
sonner;17;ver
soleil;17;nom
seconde;17;nom
saville;17;nr
sauver;17;ver
salon;17;nom
répéter;17;ver
row;17;nr
road;17;nr
ralph;17;nr
raison;17;nom
prêtre;17;nom
prévenir;17;ver
presser;17;ver
pensée;17;nom
indigène;17;nom
impossible;17;adj
habitude;17;nom
fr;17;nr
fortune;17;nom
filer;17;ver
europe;17;nr
déjeuner;17;ver
distance;17;nom
disparaître;17;ver
coucher;17;ver
cité;17;nom
chinois;17;adj
bois;17;nom
avancer;17;ver
argent;17;nom
animal;17;nom
abandonner;17;ver
île;16;nom
whist;16;nom
table;16;nom
soin;16;nom
sioux;16;adj
sac;16;nom
retarder;16;ver
rapidement;16;adv
rapide;16;adj
projet;16;nom
produire;16;ver
parcours;16;nom
oublier;16;ver
ordre;16;nom
obstacle;16;nom
observer;16;ver
nombreux;16;adj
nombre;16;nom
nature;16;nom
mort;16;nom
mormon;16;adj
hasard;16;nom
gens;16;nom
décider;16;ver
ciel;16;nom
bunsby;16;nr
bank_note;16;nom
acheter;16;ver
étonner;15;ver
éprouver;15;ver
énorme;15;adj
troupe;15;nom
tenter;15;ver
temple;15;nom
shangaï;15;nr
river;15;ver
riche;15;adj
rencontre;15;nom
remarquer;15;ver
promener;15;ver
poing;15;nom
payer;15;ver
manger;15;ver
japon;15;nom
itinéraire;15;nom
indou;15;adj
froidement;15;adv
frais;15;adj
débarquer;15;ver
côté;15;nom
couper;15;ver
corps;15;nom
coquin;15;nom
continuer;15;ver
bas;15;adj
avouer;15;ver
asseoir;15;ver
arrestation;15;nom
arbre;15;nom
ami;15;nom
équipage;14;nom
soldat;14;nom
signalement;14;nom
ruiner;14;ver
relever;14;ver
personnage;14;nom
pacifique;14;adj
nouvelle;14;adj
nord;14;nom
kearney;14;nr
journal;14;nom
intérieur;14;adj
important;14;adj
gouvernement;14;nom
frapper;14;ver
forêt;14;nom
fermer;14;ver
empêcher;14;ver
embarcation;14;nom
curieux;14;adj
courant;14;nom
circonstance;14;nom
chine;14;nom
carte;14;nom
bande;14;nom
avance;14;nom
appeler;14;ver
amener;14;ver
adversaire;14;nom
accepter;14;ver
étendre;13;ver
épaule;13;nom
tromper;13;ver
tempête;13;nom
sérieux;13;adj
sifflet;13;nom
scène;13;nom
samedi;13;nom
réglementaire;13;adj
roue;13;nom
rive;13;nom
risquer;13;ver
rire;13;ver
rencontrer;13;ver
remettre;13;ver
rejoindre;13;ver
programme;13;nom
principal;13;adj
magnifique;13;adj
lame;13;nom
lac;13;nom
interrompre;13;ver
indiquer;13;ver
horloge;13;nom
glisser;13;ver
gauthier;13;nr
fixer;13;ver
figure;13;nom
enlever;13;ver
droite;13;nom
appartenir;13;ver
annoncer;13;ver
aider;13;ver
adresser;13;ver
achever;13;ver
accuser;13;ver
élancer;12;ver
vraiment;12;adv
vieux;12;adj
victime;12;nom
suite;12;nom
sud_est;12;nom
sol;12;nom
situation;12;nom
singapore;12;nr
salle;12;nom
revolver;12;nom
reconnaissance;12;nom
railway;12;nom
près_de;12;adv
poursuivre;12;ver
poche;12;nom
pauvre;12;adj
passerelle;12;nom
oser;12;ver
opérer;12;ver
lèvre;12;nom
force;12;nom
extrêmement;12;adv
extrême;12;adj
engager;12;ver
employé;12;nom
employer;12;ver
contraire;12;nom
considérable;12;adj
confortable;12;adj
chapeau;12;nom
certainement;12;adv
aspect;12;nom
arracher;12;ver
année;12;nom
admirable;12;adj
admettre;12;ver
accompagner;12;ver
évident;11;adj
étranger;11;nom
émotion;11;nom
éclater;11;ver
vivement;11;adv
traiter;11;ver
tracer;11;ver
tourner;11;ver
terrible;11;adj
surprendre;11;ver
retourner;11;ver
retour;11;nom
renverser;11;ver
religion;11;nom
rappeler;11;ver
raconter;11;ver
quart;11;nom
pénétrer;11;ver
précisément;11;adv
policeman;11;nom
plaire;11;ver
palanquin;11;nom
opium;11;nom
nécessaire;11;adj
novembre;11;nom
mêler;11;ver
meilleur;11;adj
manière;11;nom
incident;11;nom
immédiatement;11;adv
fumée;11;nom
fonder;11;ver
finir;11;ver
figurer;11;ver
faute;11;nom
extrémité;11;nom
endroit;11;nom
désert;11;adj
dépenser;11;ver
directeur;11;nom
directement;11;adv
dieu;11;nom
demeurer;11;ver
craindre;11;ver
colère;11;nom
chef;11;nom
capitale;11;nom
brume;11;nom
branche;11;nom
assurer;11;ver
affirmer;11;ver
épais;10;adj
vigoureux;10;adj
veille;10;nom
union;10;nom
tranquillement;10;adv
succès;10;nom
société;10;nom
sauvage;10;adj
sacrifice;10;nom
résoudre;10;ver
réflexion;10;nom
récit;10;nom
robe;10;nom
rivière;10;nom
regretter;10;ver
refuser;10;ver
recommander;10;ver
recherche;10;nom
rapidité;10;nom
poste;10;nom
pillaji;10;nr
partenaire;10;nom
obliger;10;ver
obadiah;10;nr
naturel;10;adj
mât;10;nom
modifier;10;ver
minuit;10;nom
marin;10;nom
malheureux;10;adj
maintenir;10;ver
lutte;10;nom
lire;10;ver
libre;10;adj
inutile;10;adj
inquiétude;10;nom
inquiéter;10;ver
ingénieur;10;nom
influence;10;nom
impassible;10;adj
hésiter;10;ver
humain;10;adj
horizon;10;nom
heureusement;10;adv
groupe;10;nom
greffier;10;nom
garde;10;nom
franc;10;nom
forcer;10;ver
fond;10;nom
fin;10;adj
exister;10;ver
etc;10;adv
dîner;10;nom
détacher;10;ver
dépasser;10;ver
décidément;10;adv
dollar;10;nom
digne;10;adj
creek;10;nom
contrée;10;nom
contenir;10;ver
compromettre;10;ver
cheveu;10;nom
charbon;10;nom
bâtiment;10;nom
bruit;10;nom
brindisi;10;nr
batulcar;10;nr
aventure;10;nom
ancien;10;adj
éteindre;9;ver
vêtir;9;ver
véritable;9;adj
voyager;9;ver
visa;9;nom
vif;9;adj
veuf;9;nom
vendre;9;ver
veiller;9;ver
usage;9;nom
toucher;9;ver
toile;9;nom
terminer;9;ver
surface;9;nom
soulier;9;nom
smyth;9;nr
serviteur;9;nom
saint;9;nom
sacré;9;adj
royaume;9;nom
qualité;9;nom
prévoir;9;ver
présence;9;nom
plaine;9;nom
patron;9;nom
parier;9;ver
parfaitement;9;adv
parent;9;nom
officier;9;nom
négociant;9;nom
métropolitain;9;adj
murmurer;9;ver
mudge;9;nr
joueur;9;nom
instrument;9;nom
histoire;9;nom
gouverneur;9;nom
geste;9;nom
gauche;9;nom
garder;9;ver
frère;9;nom
flanagan;9;nr
fidèle;9;adj
excentrique;9;adj
essayer;9;ver
envoyer;9;ver
dos;9;nom
dormir;9;ver
disposition;9;nom
direct;9;adj
deviner;9;ver
degré;9;nom
cours;9;nom
cou;9;nom
conversation;9;nom
coin;9;nom
cheval;9;nom
cher;9;adj
charmant;9;adj
causer;9;ver
cause;9;nom
bête;9;adj
but;9;nom
bundelkund;9;nr
besoin;9;nom
aden;9;nr
accident;9;nom
égal;8;adj
écouler;8;ver
valoir;8;ver
travail;8;nom
transporter;8;ver
tournant;8;adj
thomas;8;nom
sûreté;8;nom
sûr;8;adj
suspendre;8;ver
sullivan;8;nr
soutenir;8;ver
situer;8;ver
singulièrement;8;adv
singulier;8;adj
samuel;8;nr
réserver;8;ver
réfléchir;8;ver
rouler;8;ver
revoir;8;ver
retirer;8;ver
retentir;8;ver
ressembler;8;ver
repousser;8;ver
reparaître;8;ver
ranger;8;ver
rang;8;nom
ramener;8;ver
rade;8;nom
race;8;nom
péninsule;8;nom
prudent;8;adj
prison;8;nom
prairie;8;nom
posséder;8;ver
poser;8;ver
population;8;nom
poignée;8;nom
platte;8;nr
placer;8;ver
pacific;8;nr
oreille;8;nom
océan;8;nom
nommer;8;ver
méridien;8;nom
mourir;8;ver
mois;8;nom
mission;8;nom
mercredi;8;nom
marquer;8;ver
marché;8;nom
kiouni;8;nr
ivresse;8;nom
institution;8;nom
impatience;8;nom
hélice;8;nom
houle;8;nom
heureux;8;adj
habiter;8;ver
habit;8;nom
grave;8;adj
gaz;8;nom
gange;8;nr
fuir;8;ver
foi;8;nom
fenêtre;8;nom
expliquer;8;ver
exercice;8;nom
examiner;8;ver
entrevoir;8;ver
entretenir;8;ver
entier;8;adj
enchanté;8;adj
dévouement;8;nom
détail;8;nom
désappointement;8;nom
dépêcher;8;ver
décrire;8;ver
disposer;8;ver
dent;8;nom
date;8;nom
dame;8;nom
célèbre;8;adj
coûter;8;ver
convoi;8;nom
continent;8;nom
consulaire;8;adj
composer;8;ver
commerce;8;nom
chicago;8;nr
ceinture;8;nom
cacher;8;ver
bénarès;8;nr
base;8;nom
audacieux;8;adj
arrêt;8;nom
appuyer;8;ver
apparence;8;nom
aile;8;nom
affluent;8;nom
époque;7;nom
voler;7;ver
visiter;7;ver
visage;7;nom
utile;7;adj
utah;7;nr
transport;7;nom
tranquille;7;adj
taille;7;nom
tabagie;7;nom
surprise;7;nom
sourire;7;ver
soigneusement;7;adv
soie;7;nom
silence;7;nom
signal;7;nom
serré;7;adj
secouer;7;ver
sauveur;7;nom
saler;7;ver
révérend;7;nom
réponse;7;nom
réduire;7;ver
ruine;7;nom
retomber;7;ver
remonter;7;ver
regagner;7;ver
rapporter;7;ver
péninsulaire;7;adj
préparer;7;ver
provoquer;7;ver
prophète;7;nom
prolonger;7;ver
profiter;7;ver
prochain;7;adj
prisonnier;7;nom
plutôt;7;adv
plume;7;nom
plaindre;7;ver
perte;7;nom
parvenir;7;ver
partance;7;nom
mathématiquement;7;adv
manoeuvrer;7;ver
lutter;7;ver
lumière;7;nom
loi;7;nom
lit;7;nom
joie;7;nom
intéresser;7;ver
intention;7;nom
importer;7;ver
imaginer;7;ver
halte;7;nom
general;7;nr
fureur;7;nom
front;7;nom
flèche;7;nom
fleur;7;nom
flegmatique;7;adj
flanc;7;nom
favorable;7;adj
fallentin;7;nr
facile;7;adj
expression;7;nom
exact;7;adj
espace;7;nom
entrée;7;nom
détroit;7;nom
déposer;7;ver
défendre;7;ver
douter;7;ver
dock;7;nom
direction;7;nom
diminuer;7;ver
considérer;7;ver
connaissance;7;nom
conclure;7;ver
compromis;7;nom
complet;7;adj
communication;7;nom
commander;7;ver
coiffer;7;ver
chasser;7;ver
changer;7;ver
champ;7;nom
cesser;7;ver
bûcher;7;nom
bâtir;7;ver
brique;7;nom
bec;7;nom
autrement;7;adv
arme;7;nom
aimer;7;ver
acte;7;nom
éviter;6;ver
élégant;6;adj
éloigner;6;ver
élevé;6;adj
égard;6;nom
échouer;6;ver
âge;6;nom
william;6;nom
w;6;nom
vêtement;6;nom
vérité;6;nom
véhicule;6;nom
voisin;6;nom
vivant;6;adj
vitre;6;nom
vingtaine;6;nom
transatlantique;6;nom
trait;6;nom
trace;6;nom
tigre;6;nom
tam_tam;6;nom
sutty;6;nr
suprême;6;adj
superbe;6;adj
subir;6;ver
stamp;6;nr
sommeil;6;nom
singe;6;nom
signe;6;nom
signaler;6;ver
serrer;6;ver
sectateur;6;nom
sec;6;adj
satisfaction;6;nom
sang_froid;6;nom
sacrifier;6;ver
sacramento;6;nr
réussir;6;ver
réunir;6;ver
régulièrement;6;adv
régler;6;ver
rompre;6;ver
représentation;6;nom
reposer;6;ver
repos;6;nom
redevenir;6;ver
rassurer;6;ver
rare;6;adj
rafale;6;nom
queenstown;6;nr
pur;6;adj
public;6;nom
préoccuper;6;ver
précéder;6;ver
précaution;6;nom
promettre;6;ver
procurer;6;ver
pressentiment;6;nom
possession;6;nom
position;6;nom
portant;6;adj
pointe;6;nom
pittoresque;6;adj
phrase;6;nom
pavillon;6;nom
partager;6;ver
pareil;6;adj
pardonner;6;ver
ombre;6;nom
occasion;6;nom
obtenir;6;ver
observation;6;nom
nord_ouest;6;nom
nord_est;6;nom
métier;6;nom
moyenne;6;nom
mont;6;nom
moitié;6;nom
meeting;6;nom
marque;6;nom
malle;6;nom
malebar;6;nr
léger;6;adj
lueur;6;nom
james;6;nr
jambe;6;nom
irrésistible;6;adj
inutilement;6;adv
insister;6;ver
inscrire;6;ver
immobile;6;adj
ignorer;6;ver
house;6;nom
hiver;6;nom
hill;6;nr
hauteur;6;nom
habitant;6;nom
généreux;6;adj
great;6;nr
grant;6;nr
goutte;6;nom
gain;6;nom
fournir;6;ver
folie;6;nom
fleuve;6;nom
fils;6;nom
fauve;6;nom
fameux;6;adj
faillir;6;ver
exposer;6;ver
existence;6;nom
exactitude;6;nom
envahir;6;ver
entraîner;6;ver
enlèvement;6;nom
enfant;6;nom
empire;6;nom
embranchement;6;nom
elder;6;nr
développer;6;ver
détonation;6;nom
définitivement;6;adv
défaut;6;nom
durer;6;ver
douane;6;nom
discuter;6;ver
crier;6;ver
couverture;6;nom
court;6;adj
course;6;nom
couleur;6;nom
corde;6;nom
coque;6;nom
contenter;6;ver
conséquent;6;adj
consulter;6;ver
constater;6;ver
conserver;6;ver
confiance;6;nom
complice;6;nom
commettre;6;ver
commerçant;6;nom
combat;6;nom
colonne;6;nom
clown;6;nom
civil;6;adj
city;6;nom
citoyen;6;nom
circuler;6;ver
cheminée;6;nom
chaîne;6;nom
chauffer;6;ver
char;6;nom
campagne;6;nom
calculer;6;ver
bref;6;adv
bout;6;nom
bourse;6;nom
bourgade;6;nom
bordeaux;6;adj
boire;6;ver
barre;6;nom
baring;6;nr
banquette;6;nom
banc;6;nom
balle;6;nom
baisser;6;ver
bagage;6;nom
aviser;6;ver
attirer;6;ver
atlantique;6;adj
article;6;nom
armer;6;ver
appareil;6;nom
animer;6;ver
action;6;nom
accroître;6;ver
étroit;5;adj
étonnement;5;nom
établissement;5;nom
épanouir;5;ver
émouvoir;5;ver
écraser;5;ver
éclair;5;nom
échelle;5;nom
çà;5;adv
zèle;5;nom
violent;5;adj
violence;5;nom
vindhias;5;nr
vigoureusement;5;adv
viande;5;nom
vallée;5;nom
valeur;5;nom
tôt;5;adv
témoin;5;nom
tuer;5;ver
troubler;5;ver
transformer;5;ver
tordre;5;ver
torche;5;nom
toilette;5;nom
tingou;5;nr
théâtre;5;nom
terrestre;5;adj
tendre;5;ver
teint;5;nom
sévère;5;adj
sérieusement;5;adv
supposer;5;ver
supplice;5;nom
succéder;5;ver
street;5;nr
steam;5;nr
statue;5;nom
spécial;5;adj
soumettre;5;ver
soulever;5;ver
souffler;5;ver
sombre;5;adj
solidement;5;adv
siège;5;nom
sentiment;5;nom
semer;5;ver
sang;5;nom
saluer;5;ver
saison;5;nom
saisir;5;ver
sabre;5;nom
réveiller;5;ver
régulier;5;adj
région;5;nom
royal;5;adj
respecter;5;ver
reproduire;5;ver
relâcher;5;ver
religieux;5;adj
reine;5;nom
recouvrir;5;ver
recommencer;5;ver
raser;5;ver
rapprocher;5;ver
quartier;5;nom
pâle;5;adj
purser;5;nr
puissant;5;adj
prétendre;5;ver
présent;5;nom
précieux;5;adj
propre;5;adj
proposer;5;ver
profond;5;adj
procession;5;nom
probable;5;adj
portier;5;nom
populaire;5;adj
poliment;5;adv
poids;5;nom
plain;5;nom
pipe;5;nom
pendule;5;nom
palmier;5;nom
paire;5;nom
orner;5;ver
original;5;nom
oriental;5;adj
ogden;5;nr
obscurité;5;nom
nu;5;adj
nourrir;5;ver
naturellement;5;adv
muraille;5;nom
morning;5;nr
mormonisme;5;nr
morceau;5;nom
mesure;5;nom
merveilleusement;5;adv
medicine;5;nr
masse;5;nom
marée;5;nom
mariage;5;nom
marcheur;5;nom
marchand;5;nom
mandiboy;5;nr
légèrement;5;adv
loup;5;nom
lord;5;nom
liasse;5;nom
lapin;5;nom
kamerfield;5;nr
jeunesse;5;nom
island;5;nr
invraisemblable;5;adj
invariablement;5;adv
introduire;5;ver
intelligent;5;adj
installer;5;ver
inspirer;5;ver
indépendant;5;adj
imperturbable;5;adj
hâte;5;nom
hurrah;5;nom
humboldt;5;nr
hitch;5;nr
hisser;5;ver
hasarder;5;ver
hardi;5;adj
habituel;5;adj
habile;5;adj
gêner;5;ver
grimace;5;nom
furieux;5;adj
funeste;5;adj
fumer;5;ver
fracas;5;nom
forster;5;nr
formidable;5;adj
fonctionnaire;5;nom
foc;5;nom
faveur;5;nom
faux;5;adj
fanatique;5;nom
fakir;5;nom
exécuter;5;ver
express;5;adj
estimer;5;ver
espoir;5;nom
escalier;5;nom
escale;5;nom
erreur;5;nom
ensemble;5;adv
emprisonner;5;ver
emplette;5;nom
détachement;5;nom
délit;5;nom
délai;5;nom
déesse;5;nom
drôle;5;adj
dresser;5;ver
difficulté;5;nom
demi_heure;5;nom
danser;5;ver
céleste;5;adj
crédit;5;nom
coutume;5;nom
conviction;5;nom
contempler;5;ver
consacrer;5;ver
congé;5;nom
condamnation;5;nom
compartiment;5;nom
combustible;5;nom
chronicle;5;nr
chauffeur;5;nom
chant;5;nom
changement;5;nom
cerveau;5;nom
caution;5;nom
case;5;nom
caractère;5;nom
capricieux;5;adj
canot;5;nom
bungalow;5;nom
britannique;5;adj
bondir;5;ver
bassin;5;nom
bambou;5;nom
avantage;5;nom
avancé;5;adj
auteur;5;nom
auditeur;5;nom
attentivement;5;adv
assommer;5;ver
asie;5;nr
appareiller;5;ver
amende;5;nom
allure;5;nom
allumer;5;ver
aimable;5;adj
aiguille;5;nom
affiche;5;nom
admirablement;5;adv
accoster;5;ver
abasourdir;5;ver
étudier;4;ver
étendue;4;nom
équilibriste;4;nom
équilibre;4;nom
épargner;4;ver
église;4;nom
éclat;4;nom
éclairé;4;adj
échanger;4;ver
écart;4;nom
ébranler;4;ver
young;4;nr
yankee;4;nom
wilson;4;nr
véritablement;4;adv
voilure;4;nom
viser;4;ver
violer;4;ver
vider;4;ver
vexer;4;ver
verre;4;nom
télégraphique;4;adj
typhon;4;nom
troupeau;4;nom
trottoir;4;nom
traînée;4;nom
tourmenter;4;ver
total;4;adj
tort;4;nom
torrent;4;nom
tonneau;4;nom
tonne;4;nom
thé;4;nom
terreur;4;nom
tarder;4;ver
tantôt;4;adv
surveiller;4;ver
supérieur;4;adj
splendide;4;adj
spectacle;4;nom
soupape;4;nom
solide;4;adj
signer;4;ver
siffler;4;ver
shilling;4;nom
serpent;4;nom
septentrional;4;adj
septembre;4;nom
secret;4;adj
secours;4;nom
salcette;4;nr
sacrilège;4;nom
rôle;4;nom
rêve;4;nom
résultat;4;nom
résolution;4;nom
réserve;4;nom
rose;4;adj
rocheux;4;adj
ressource;4;nom
respirer;4;ver
repas;4;nom
repartir;4;ver
renseignement;4;nom
relativement;4;adv
redoubler;4;ver
redescendre;4;ver
rayon;4;nom
ramure;4;nom
railways;4;nr
pulluler;4;ver
publier;4;ver
prêter;4;ver
prétexte;4;nom
provision;4;nom
proprement;4;adv
propos;4;nom
profondeur;4;nom
profiler;4;ver
probablement;4;adv
principalement;4;adv
pression;4;nom
pratique;4;adj
pourvoir;4;ver
portion;4;nom
poisson;4;nom
pluie;4;nom
plat;4;adj
piquer;4;ver
physionomie;4;nom
perspective;4;nom
perruque;4;nom
permission;4;nom
percer;4;ver
peninsular;4;nr
pendre;4;ver
passion;4;nom
paroi;4;nom
parfaire;4;ver
paquet;4;nom
papier;4;nom
ouverture;4;nom
ouest;4;nom
organiser;4;ver
ordinaire;4;adj
opération;4;nom
omnibus;4;nom
oiseau;4;nom
office;4;nom
objet;4;nom
nuire;4;ver
nuage;4;nom
nourriture;4;nom
notice;4;nom
nevada;4;nr
nerveux;4;adj
nebraska;4;nr
nationalité;4;nom
nagasaki;4;nr
mystérieux;4;adj
mortel;4;adj
monument;4;nom
montagneux;4;adj
mollir;4;ver
missouri;4;nr
minaret;4;nom
militaire;4;adj
merveilleux;4;adj
maudit;4;adj
matelot;4;nom
massif;4;adj
maritime;4;adj
marchandise;4;nom
manifester;4;ver
malheureusement;4;adv
malacca;4;nr
magistrat;4;nom
magasin;4;nom
lune;4;nom
lundi;4;nom
longer;4;ver
livrer;4;ver
liqueur;4;nom
liberté;4;nom
lettre;4;nom
lecture;4;nom
larme;4;nom
largement;4;adv
langue;4;nom
lake;4;nr
kholby;4;nr
jusqu_aux;4;nr
jean;4;nom
involontaire;4;adj
interroger;4;ver
insensé;4;adj
injure;4;nom
industriel;4;adj
impénétrable;4;adj
illinois;4;nr
hutte;4;nom
hurlement;4;nom
hudson;4;nr
horrible;4;adj
honorer;4;ver
guère;4;adv
guider;4;ver
guerre;4;nom
gréer;4;ver
golfe;4;nom
globe;4;nom
glacé;4;adj
garde_voie;4;nom
galerie;4;nom
fuite;4;nom
fruit;4;nom
fraîchir;4;ver
fou;4;adj
forme;4;nom
formalité;4;nom
flâner;4;ver
flot;4;nom
feuillage;4;nom
ferré;4;adj
favoriser;4;ver
fatiguer;4;ver
famille;4;nom
fait;4;nom
explication;4;nom
exercer;4;ver
excellent;4;adj
exactement;4;adv
estomac;4;nom
envie;4;nom
entourer;4;ver
enfoncer;4;ver
enfermer;4;ver
enclos;4;nom
embouchure;4;nom
embarquement;4;nom
effrayer;4;ver
dévorer;4;ver
désordre;4;nom
désir;4;nom
déplorable;4;adj
dépister;4;ver
démontrer;4;ver
découverte;4;nom
dur;4;adj
dissiper;4;ver
dissimuler;4;ver
discussion;4;nom
dimanche;4;nom
dessiner;4;ver
danger;4;nom
cérémonie;4;nom
cuivre;4;nom
criminel;4;nom
crainte;4;nom
courbe;4;nom
courageux;4;adj
costume;4;nom
convaincre;4;ver
contourner;4;ver
consentir;4;ver
consciencieusement;4;adv
condamner;4;ver
comporter;4;ver
compliment;4;nom
communicatif;4;adj
colorado;4;nr
classe;4;nom
circulaire;4;adj
cinquantaine;4;nom
chèque;4;nom
chiner;4;ver
chien;4;nom
chemise;4;nom
chaussure;4;nom
chaudière;4;nom
chanvre;4;nom
carré;4;adj
carreau;4;nom
canal;4;nom
californie;4;nom
caissier;4;nom
cadavre;4;nom
cacolets;4;nr
brouette;4;nom
brisé;4;adj
briller;4;ver
brigham;4;nr
brigantine;4;nom
brandy;4;nom
brahma;4;nr
bow;4;nr
bourrasque;4;nom
bosser;4;ver
bonheur;4;nom
bleu;4;adj
bengale;4;nr
bazar;4;nom
baromètre;4;nom
banquier;4;nom
bannière;4;nom
baie;4;nom
babouche;4;nom
avenir;4;nom
auprès_de;4;nr
au_devant;4;adv
au_delà;4;adv
attaquer;4;ver
attacher;4;ver
arranger;4;ver
armée;4;nom
apposer;4;ver
apporter;4;ver
appliquer;4;ver
amour;4;nom
ambulant;4;adj
allonger;4;ver
afrique;4;nr
affluer;4;ver
administration;4;nom
actuellement;4;adv
acquisition;4;nom
accorder;4;ver
accabler;4;ver
absolu;4;adj
abattre;4;ver
événement;3;nom
étrange;3;adj
étage;3;nom
épouvante;3;nom
éperon;3;nom
énergumène;3;nom
énergique;3;adj
ému;3;adj
électrique;3;adj
égypte;3;nr
également;3;adv
éducation;3;nom
écrire;3;ver
éclatant;3;adj
éclairer;3;ver
écarter;3;ver
éblouissant;3;adj
âme;3;nom
zébu;3;nom
wahsatch;3;nr
vulgaire;3;adj
voltige;3;nom
volonté;3;nom
volontaire;3;adj
vocifération;3;nom
virer;3;ver
village;3;nom
victoria;3;nom
versant;3;nom
verdoyant;3;adj
vendredi;3;nom
varié;3;adj
vainement;3;adv
vaincre;3;ver
vain;3;adj
unième;3;adj
unique;3;adj
tuyau;3;nom
turban;3;nom
trousse;3;nom
trot;3;nom
troisième;3;adj
triste;3;adj
traîner;3;ver
transe;3;nom
tramway;3;nom
touchant;3;adj
times;3;nr
tiers;3;nom
terrasse;3;nom
terme;3;nom
tendu;3;adj
température;3;nom
tasse;3;nom
tangage;3;nom
tambour;3;nom
taillis;3;nom
tablette;3;nom
système;3;nom
surplus;3;nom
superficie;3;nom
sujet;3;nom
suffisant;3;adj
sucre;3;nom
succomber;3;ver
successivement;3;adv
spécialement;3;adv
spectateur;3;nom
souvenir;3;ver
sourciller;3;ver
sourcil;3;nom
soupçon;3;nom
souper;3;nom
souhaiter;3;ver
sottise;3;nom
silencieusement;3;adv
sierra;3;nom
sexe;3;nom
sergent;3;nom
semelle;3;nom
secousse;3;nom
second;3;adj
saut;3;nom
saurer;3;ver
sauce;3;nom
salt;3;nr
saisissant;3;adj
sain;3;adj
saillant;3;adj
rêver;3;ver
révéler;3;ver
résine;3;nom
résider;3;ver
répliquer;3;ver
répandre;3;ver
régularité;3;nom
réfugier;3;ver
réclamer;3;ver
réalité;3;nom
ronde;3;nom
roi;3;nom
riz;3;nom
rios;3;nr
revirement;3;nom
reprocher;3;ver
remplacer;3;ver
remercier;3;ver
remarquable;3;adj
relier;3;ver
relation;3;nom
refus;3;nom
refluer;3;ver
refaire;3;ver
redouter;3;ver
recommandation;3;nom
rasseoir;3;ver
ramper;3;ver
rage;3;nom
rafraîchir;3;ver
queue;3;nom
pyramide;3;nom
prétoire;3;nom
présomption;3;nom
préserver;3;ver
précis;3;adj
province;3;nom
promis;3;adj
profondément;3;adv
profil;3;nom
profession;3;nom
prier;3;ver
pratiquer;3;ver
porto;3;nom
polygames;3;nr
politique;3;nom
plan;3;nom
plaisir;3;nom
plaisanter;3;ver
pièce;3;nom
pirate;3;nom
piller;3;ver
peur;3;nom
peser;3;ver
perle;3;nom
pensif;3;adj
patrie;3;nom
passionner;3;ver
partisan;3;nom
particulier;3;adj
parsie;3;nr
parisien;3;adj
parfum;3;nom
parfait;3;adj
parer;3;ver
pantalon;3;nom
pain;3;nom
orchestre;3;nom
opinion;3;nom
ohio;3;nr
oeuvre;3;nom
obéir;3;ver
obscur;3;adj
nécessité;3;nom
nécessairement;3;adv
numéro;3;nom
note;3;nom
notablement;3;adv
north;3;nr
noeud;3;nom
noble;3;adj
niveau;3;nom
net;3;adj
naviguer;3;ver
navigation;3;nom
narcotique;3;nom
mériter;3;ver
mélanger;3;ver
méditer;3;ver
médiocre;3;adj
mécanique;3;adj
mâture;3;nom
mylord;3;nom
muscadiers;3;nr
mur;3;nom
munir;3;ver
mouiller;3;ver
montgommery;3;nr
modeste;3;adj
misérable;3;adj
mississippi;3;nr
missionnaire;3;nom
misaine;3;nom
minimum;3;nom
mikado;3;nom
merveille;3;nom
mener;3;ver
mendiant;3;nom
maximum;3;nom
martyr;3;nom
mari;3;nom
manoeuvre;3;nom
malheur;3;nom
malencontreux;3;adj
maigre;3;adj
madras;3;nom
machinalement;3;adv
macao;3;nr
longueur;3;nom
liste;3;nom
lingot;3;nom
lentement;3;adv
ledit;3;adj
lecteur;3;nom
larguer;3;ver
largeur;3;nom
laps;3;nom
lacs;3;nom
justifier;3;ver
justement;3;adv
juron;3;nom
jungle;3;nom
jourdain;3;nr
joseph;3;nom
jongleur;3;nom
joli;3;adj
jejeeh;3;nr
jaune;3;adj
jauger;3;ver
jardin;3;nom
jaggernaut;3;nr
ivrogne;3;nom
issue;3;nom
irrévocablement;3;adv
irriter;3;ver
iowa;3;nr
inviter;3;ver
intrépide;3;adj
international;3;adj
interminable;3;adj
interlocuteur;3;nom
insuffisant;3;adj
inquiétant;3;adj
inquiet;3;adj
innombrable;3;adj
infortuné;3;adj
indoue;3;nr
incruster;3;ver
inconnu;3;nom
incliner;3;ver
incessant;3;adj
inanimé;3;adj
imprévu;3;nom
imprégner;3;ver
imprimer;3;ver
impassibilité;3;nom
imagination;3;nom
hôte;3;nom
héraut;3;nom
hollande;3;nom
hollandais;3;nom
havre;3;nom
hang;3;nr
haleine;3;nom
géographie;3;nom
gymnastique;3;nom
gymnaste;3;nom
guinée;3;nom
guet_apens;3;nom
grimaçant;3;adj
green;3;nom
gracieux;3;adj
goûter;3;ver
glace;3;nom
gigantesque;3;adj
ghâtes;3;nr
genre;3;nom
féroce;3;adj
fâcheux;3;adj
fuseau;3;nom
fumeur;3;nom
fréquenter;3;ver
frotter;3;ver
franchement;3;adv
france;3;nr
fourrer;3;ver
fixe;3;adj
fier;3;ver
fellah;3;nom
favori;3;adj
fauteuil;3;nom
farouche;3;adj
farceur;3;nom
faisable;3;adj
extraordinaire;3;adj
extradition;3;nom
exprimer;3;ver
excuser;3;ver
esq;3;nr
espérance;3;nom
errer;3;ver
entrepôt;3;nom
enrichir;3;ver
enragé;3;adj
enquête;3;nom
ennemi;3;nom
enivrer;3;ver
enfuir;3;ver
encombrer;3;ver
encadrer;3;ver
embarrassé;3;adj
effroyable;3;adj
effort;3;nom
détruire;3;ver
détresse;3;nom
détendu;3;adj
désirer;3;ver
désigner;3;ver
désespéré;3;adj
dérouler;3;ver
déranger;3;ver
déraillement;3;nom
dépit;3;nom
dénoter;3;ver
démesurément;3;adv
défilé;3;nom
décontenancé;3;adj
déclarer;3;ver
déchaîner;3;ver
débiter;3;ver
débarquement;3;nom
dunette;3;nom
dublin;3;nr
drap;3;nom
douzaine;3;nom
doux;3;adj
douvres;3;nr
dominer;3;ver
domination;3;nom
dizaine;3;nom
diviser;3;ver
distingué;3;adj
distinguer;3;ver
disque;3;nom
disciple;3;nom
destination;3;nom
desservir;3;ver
demi_mille;3;nom
demeuré;3;nom
demeure;3;nom
dangereux;3;adj
célébrer;3;ver
cèdre;3;nom
cymbale;3;nom
curiosité;3;nom
cultiver;3;ver
couteau;3;nom
courtier;3;nom
coureur;3;nom
courber;3;ver
coupable;3;adj
couler;3;ver
contretemps;3;nom
contrarier;3;ver
content;3;adj
conséquence;3;nom
consultant;3;nom
construire;3;ver
construction;3;nom
consommer;3;ver
considérablement;3;adv
conscience;3;nom
congrès;3;nom
conférence;3;nom
confondre;3;ver
confirmer;3;ver
conduite;3;nom
concours;3;nom
concordance;3;nom
concert;3;nom
complètement;3;adv
commun;3;adj
comestible;3;adj
co;3;adv
clore;3;ver
cloche;3;nom
clairière;3;nom
clair;3;adj
cirque;3;nom
cipaye;3;nom
châssis;3;nom
châle;3;nom
choisir;3;ver
chevelure;3;nom
chaussette;3;nom
chausser;3;ver
chat;3;nom
chasse;3;nom
charme;3;nom
chargement;3;nom
chaise;3;nom
cercle;3;nom
centrale;3;nom
centaine;3;nom
casse_tête;3;nom
carnaval;3;nom
carnassier;3;adj
caresser;3;ver
canon;3;nom
camp;3;nom
calcul;3;nom
cabinet;3;nom
cab;3;nom
byron;3;nr
brun;3;adj
braver;3;ver
brahmanique;3;adj
bradshaw;3;nr
boîte;3;nom
bourreau;3;nom
bouquet;3;nom
border;3;ver
bonhomme;3;nom
bombe;3;nom
boisson;3;nom
boeuf;3;nom
bizarre;3;adj
bison;3;nom
billet;3;nom
bibliothèque;3;nom
bateau_pilote;3;nom
barbe;3;nom
banderole;3;nom
balbutier;3;ver
balancier;3;nom
bagarre;3;nom
avis;3;nom
aventurer;3;ver
avarie;3;nom
automate;3;nom
au_dessous;3;adv
attaque;3;nom
association;3;nom
assassin;3;nom
arrondir;3;ver
armateur;3;nom
ardeur;3;nom
architecture;3;nom
arbrisseau;3;nom
appui;3;nom
apprécier;3;ver
appartement;3;nom
apparition;3;nom
antique;3;adj
angle;3;nom
allécher;3;ver
allié;3;nom
ale;3;nom
albermale;3;nr
agrémenter;3;ver
agréable;3;adj
affubler;3;ver
affecter;3;ver
adresse;3;nom
admirer;3;ver
acrobate;3;nom
accrocher;3;ver
accourir;3;ver
abuser;3;ver
absorber;3;ver
abréger;3;ver
aborder;3;ver
abondamment;3;adv
îlot;2;nom
éventualité;2;nom
étrave;2;nom
étrangler;2;ver
étouffer;2;ver
étang;2;nom
étalage;2;nom
étager;2;ver
équinoxe;2;nom
épreuve;2;nom
épouvanté;2;adj
épouvantable;2;adj
énigmatique;2;adj
émigrant;2;nom
émerger;2;ver
éléphanta;2;nr
élève;2;nom
élection;2;nom
élan;2;nom
égyptien;2;adj
égaler;2;ver
écrouler;2;ver
échange;2;nom
écarté;2;adj
ébène;2;nom
âgé;2;adj
zénith;2;nom
yeddo;2;nr
yakounines;2;nr
yacht;2;nom
wyoming;2;nr
whisnou;2;nr
weber;2;nr
véranda;2;nom
volant;2;adj
volaille;2;nom
voilé;2;adj
vieillard;2;nom
vide;2;adj
verser;2;ver
vermont;2;nr
vendeur;2;nom
veine;2;nom
varier;2;ver
valet;2;nom
vague;2;nom
utiliser;2;ver
user;2;ver
uniquement;2;adv
témoigner;2;ver
tâche;2;nom
type;2;nom
tussaud;2;nr
turin;2;nr
tunnel;2;nom
tunique;2;nom
tumulte;2;nom
trunk;2;nr
trouble;2;nom
trou;2;nom
tropical;2;adj
triompher;2;ver
trinquette;2;nom
tribunal;2;nom
trentaine;2;nom
trembler;2;ver
travailler;2;ver
transit;2;nom
trajet;2;nom
tourbillon;2;nom
toupie;2;nom
torpeur;2;nom
tonnerre;2;nom
toit;2;nom
tissu;2;adj
tige;2;nom
terrain;2;nom
tentative;2;nom
telegraph;2;nr
taverne;2;nom
tankas;2;nr
tambourin;2;nom
tamarins;2;nr
talent;2;nom
taire;2;ver
sûrement;2;adv
sévèrement;2;adv
série;2;nom
séjourner;2;ver
sécurité;2;nom
symptôme;2;nom
suspect;2;adj
susciter;2;ver
survenir;2;ver
surveillance;2;nom
surgir;2;ver
supporter;2;ver
superflu;2;adj
succulent;2;adj
successeur;2;nom
subjuguer;2;ver
subit;2;adj
stupéfiant;2;adj
strand;2;nr
stationner;2;ver
star;2;nom
standard;2;adj
square;2;nom
spirale;2;nom
spardeck;2;nr
soyeux;2;adj
souriant;2;adj
source;2;nom
souplesse;2;nom
souffrir;2;ver
soudainement;2;adv
soucieux;2;adj
sortie;2;nom
somptueux;2;adj
somptueusement;2;adv
solaire;2;adj
siècle;2;nom
sinistre;2;adj
sillonner;2;ver
silhouette;2;nom
silencieux;2;adj
signifier;2;ver
sifflement;2;nom
shéridan;2;nr
shiva;2;nr
seuil;2;nom
serviable;2;adj
serra;2;nom
sensiblement;2;adv
sensible;2;adj
section;2;nom
scrupuleusement;2;adv
science;2;nom
satisfaire;2;ver
sapin;2;nom
rôti;2;adj
rétablir;2;ver
résonner;2;ver
résistance;2;nom
résigner;2;ver
répugner;2;ver
réplique;2;nom
réparer;2;ver
réparation;2;nom
réintégrer;2;ver
réellement;2;adv
réel;2;adj
règle;2;nom
ruminant;2;nom
roulis;2;nom
roulant;2;adj
rothal;2;nr
room;2;nr
rond;2;nom
rock;2;nom
robuste;2;adj
robbres;2;nr
robbre;2;nr
rizière;2;nom
richement;2;adv
revivre;2;ver
ressort;2;nom
ressentir;2;ver
responsable;2;adj
représenter;2;ver
représentant;2;nom
reporter;2;nom
renvoyer;2;ver
renversant;2;adj
renoncer;2;ver
rendez_vous;2;nom
remuer;2;ver
remplir;2;ver
remous;2;nom
remords;2;nom
rejeter;2;ver
refuge;2;nom
reflet;2;nom
redresser;2;ver
reculer;2;ver
recueillir;2;ver
rectiligne;2;adj
rectifier;2;ver
rechercher;2;ver
ravisseur;2;nom
rattacher;2;ver
rasséréner;2;ver
rarement;2;adv
ranimer;2;ver
ramasser;2;ver
ralentir;2;ver
raisonner;2;ver
racine;2;nom
quotidien;2;adj
quatre_vingtième;2;adj
quantième;2;nom
qualificatif;2;nom
pêcheur;2;nom
péristyle;2;nom
périr;2;ver
père;2;nom
pèlerin;2;nom
puissance;2;nom
prévision;2;nom
prétention;2;nom
présumé;2;adj
préparatif;2;nom
précision;2;nom
précipitamment;2;adv
préambule;2;nom
près_des;2;nr
prudence;2;nom
prouver;2;ver
protéger;2;ver
propriétaire;2;nom
proposition;2;nom
proportion;2;nom
propager;2;ver
promenade;2;nom
prolongé;2;adj
proférer;2;ver
produit;2;nom
prodiguer;2;ver
prodigue;2;adj
prodigieux;2;adj
prodigieusement;2;adv
processionnellement;2;nr
problème;2;nom
probe;2;adj
probabilité;2;nom
principe;2;nom
prince;2;nom
prestigieux;2;adj
poursuite;2;nom
portée;2;nom
portugais;2;adj
porteur;2;nom
portefeuille;2;nom
portefaix;2;nom
poney;2;nom
pompier;2;nom
pomme;2;nom
politesse;2;nom
polir;2;ver
poivrier;2;nom
poitrine;2;nom
pointu;2;adj
plonger;2;ver
plausible;2;adj
planter;2;ver
plante;2;nom
plaisanterie;2;nom
plaignant;2;nom
piteux;2;adj
piston;2;nom
piste;2;nom
pier;2;nom
photographie;2;nom
philosophiquement;2;adv
peupler;2;ver
pesanteur;2;nom
perturbation;2;nom
persécution;2;nom
personnel;2;adj
persistance;2;nom
pence;2;nom
peau;2;nom
paysage;2;nom
payement;2;nom
pawnies;2;nr
paupière;2;nom
patiemment;2;adv
passant;2;nom
particulièrement;2;adv
paroxysme;2;nom
parlement;2;nom
parieur;2;nom
paralytique;2;adj
parallèle;2;adj
parage;2;nom
panorama;2;nom
pall;2;nr
palki;2;nr
palissade;2;nom
oysterpuf;2;nr
ours;2;nom
ouragan;2;nom
osciller;2;ver
ornementation;2;nom
orbite;2;nom
opulent;2;adj
opposé;2;nom
opportun;2;adj
ondulation;2;nom
of;2;nr
odorant;2;adj
ocean;2;nr
occidental;2;adj
obstiner;2;ver
obstination;2;nom
nullement;2;adv
nuisible;2;adj
nuance;2;nom
notable;2;adj
nominal;2;adj
nicolas;2;nr
nettement;2;adv
naître;2;ver
navigateur;2;nom
nauvoo;2;nr
national;2;adj
nation;2;nom
narrer;2;ver
nappe;2;nom
méthodique;2;adj
métallique;2;adj
mépris;2;nom
ménage;2;nom
mémoire;2;nom
mutsh;2;nr
musique;2;nom
musicien;2;nom
multicolore;2;adj
moustache;2;nom
moteur;2;adj
mosquée;2;nom
monture;2;nom
montant;2;nom
monotone;2;adj
moeurs;2;nom
moelleux;2;adj
mode;2;nom
mobile;2;nom
mitre;2;nom
misère;2;nom
millier;2;nom
miauler;2;ver
meurtre;2;nom
menacer;2;ver
maïs;2;nom
maudire;2;ver
matière;2;nom
matinée;2;nom
marier;2;ver
marchepied;2;nom
manie;2;nom
maniable;2;adj
mangoustes;2;nr
mandeb;2;nr
mall;2;nr
malencontreusement;2;adv
malade;2;adj
majestueux;2;adj
mail;2;nom
maigreur;2;nom
mahout;2;nr
mackintosh;2;nom
légende;2;nom
là_dessus;2;adv
lumineux;2;adj
loque;2;nom
london;2;nr
lointain;2;adj
logique;2;adj
loger;2;ver
locomotion;2;nom
loch;2;nom
locataire;2;nom
local;2;adj
lisse;2;adj
lisière;2;nom
lincoln;2;nr
limpide;2;adj
lieutenant;2;nom
libeller;2;ver
lenteur;2;nom
lataniers;2;nr
laramie;2;nr
laque;2;nom
lamentable;2;adj
lambeau;2;nom
kâli;2;nr
khandeish;2;nr
kandallah;2;nr
justice;2;nom
jurer;2;ver
junior;2;adj
juif;2;adj
jucher;2;ver
jonque;2;nom
jongler;2;ver
joe;2;nr
jeudi;2;nom
jersey;2;nom
jejeebhoy;2;nr
italien;2;adj
isolement;2;nom
irrégulier;2;adj
irlande;2;nr
inévitablement;2;adv
inégal;2;adj
invocation;2;nom
invariable;2;adj
intimité;2;nom
intervention;2;nom
intervalle;2;nom
intensité;2;nom
intelligence;2;nom
insurmontable;2;adj
insu;2;nom
instruction;2;nom
instinct;2;nom
insignifiant;2;adj
inopinément;2;adv
inn;2;nr
inhalation;2;nom
inhabité;2;adj
inférieur;2;adj
informer;2;ver
infléchir;2;ver
inexécutable;2;nr
industrie;2;nom
indoues;2;nr
individu;2;nom
indispensable;2;adj
indian;2;nr
incroyable;2;adj
inconsciemment;2;adv
incendie;2;nom
incapable;2;adj
inauguration;2;nom
in_petto;2;adv
impérial;2;adj
impulsion;2;nom
imprudence;2;nom
impressionner;2;ver
importé;2;adj
importance;2;nom
impatient;2;adj
immédiat;2;adj
imman;2;nr
illustrated;2;nr
hésitation;2;nom
héroïquement;2;adv
héros;2;nom
hérissé;2;adj
hâter;2;ver
hâla;2;nr
hunier;2;nom
humer;2;ver
huissier;2;nom
huile;2;nom
housse;2;nom
houleux;2;adj
houille;2;nom
honteux;2;adj
himalaya;2;nom
herbe;2;nom
hennissement;2;nom
hausser;2;ver
hauban;2;nom
harmonie;2;nom
hambourgeoise;2;nr
haie;2;nom
habiller;2;ver
générosité;2;nom
généralement;2;adv
gueux;2;nom
guetter;2;ver
grossier;2;adj
grièvement;2;adv
gris;2;adj
grimper;2;ver
grain;2;nom
gouvernail;2;nom
gousset;2;nom
gothique;2;adj
gorgée;2;nom
gorge;2;nom
goguenard;2;adj
godille;2;nom
girofliers;2;nr
gin;2;nom
gilet;2;nom
gibelotte;2;nom
ghari;2;nr
garnir;2;ver
garde_robe;2;nom
galop;2;nom
gageure;2;nom
fécond;2;adj
fâcher;2;ver
fusil;2;nom
fuser;2;ver
fréquenté;2;adj
fréquemment;2;adv
frottement;2;nom
froideur;2;nom
frisson;2;nom
fremont;2;nr
frein;2;nom
fraîcheur;2;nom
frayeur;2;nom
foyer;2;nom
fourrure;2;nom
fourneau;2;nom
fourmillement;2;nom
fouler;2;ver
fougère;2;nom
formuler;2;ver
formellement;2;adv
flottille;2;nom
flotter;2;ver
flottant;2;adj
flocon;2;nom
flair;2;nom
fil;2;nom
fiacre;2;nom
fertile;2;adj
fatigue;2;nom
fatal;2;adj
fantastique;2;adj
fantaisie;2;nom
faiblir;2;ver
faible;2;adj
faculté;2;nom
facilement;2;adv
fabriquer;2;ver
exécution;2;nom
exécutant;2;nom
extérieur;2;adj
explicable;2;adj
exiger;2;ver
exhibition;2;nom
exhiber;2;ver
exemple;2;nom
excuse;2;nom
exclamation;2;nom
excentricité;2;nom
exagérer;2;ver
essouffler;2;ver
espèce;2;nom
enveloppe;2;nom
entêté;2;nom
entreprise;2;nom
entreprendre;2;ver
entièrement;2;adv
enthousiasmer;2;ver
entasser;2;ver
enrouler;2;ver
ennui;2;nom
engagement;2;nom
enfouir;2;ver
enflammer;2;ver
endormir;2;ver
encombrant;2;adj
emprisonnement;2;nom
emplacement;2;nom
empereur;2;nom
emmener;2;ver
embrasser;2;ver
embaumer;2;ver
embardée;2;nom
el;2;nr
ecclésiastique;2;adj
dûment;2;adv
dévisager;2;ver
détour;2;nom
détestable;2;adj
désolé;2;adj
désappointer;2;ver
dépression;2;nom
déployer;2;ver
déplaire;2;ver
déplacer;2;ver
déplacement;2;nom
dénouement;2;nom
défroque;2;nom
défiler;2;ver
dédaigner;2;ver
décrocher;2;ver
découvrir;2;ver
découper;2;ver
déchargement;2;nom
décamper;2;ver
débarrasser;2;ver
durée;2;nom
durcir;2;ver
duel;2;nom
drapeau;2;nom
douceur;2;nom
doucement;2;adv
doubler;2;ver
double;2;adj
dossier;2;nom
dortoir;2;nom
dormeur;2;nom
dommages_intérêts;2;nom
domicile;2;nom
doigt;2;nom
division;2;nom
divin;2;adj
distinct;2;adj
disperser;2;ver
dimension;2;nom
digue;2;nom
différent;2;adj
différence;2;nom
devancer;2;ver
descendant;2;nom
daily;2;nr
côtoyer;2;ver
custom;2;nom
cunard;2;nr
cuisinier;2;nom
créature;2;nom
croiser;2;ver
cristal;2;nom
creux;2;adj
couronner;2;ver
couronne;2;nom
courage;2;nom
cour;2;nom
coton;2;nom
coter;2;ver
corne;2;nom
coquille;2;nom
copieusement;2;adv
convenu;2;adj
convenablement;2;adv
convenable;2;adj
contrôler;2;ver
contredire;2;ver
contour;2;nom
consommateur;2;nom
consacré;2;adj
conquête;2;nom
confus;2;adj
confortablement;2;adv
confier;2;ver
confidence;2;nom
concevoir;2;ver
concerner;2;ver
comptoir;2;nom
complaisance;2;nom
communiquer;2;ver
commission;2;nom
commercial;2;adj
combiner;2;ver
combattre;2;ver
coloré;2;adj
colonie;2;nom
collier;2;nom
collet;2;nom
colis;2;nom
cohue;2;nom
cocher;2;nom
coach;2;nom
clou;2;nom
clinquant;2;adj
clairement;2;adv
civilisé;2;adj
circulation;2;nom
circonférence;2;nom
cinquantième;2;nom
cil;2;nom
château;2;nom
chronométrer;2;ver
chronomètre;2;nom
choc;2;nom
chevet;2;nom
chester;2;nom
chavirer;2;ver
charrette;2;nom
charge;2;nom
chanteur;2;nom
chanter;2;ver
chandernagor;2;nr
chaleur;2;nom
chair;2;nom
ceylan;2;nr
central;2;adj
cenis;2;nr
catastrophe;2;nom
casser;2;ver
cascade;2;nom
casanier;2;adj
carrément;2;adv
carpe;2;nom
caprice;2;nom
capot;2;nom
cape;2;nom
canton;2;nom
caler;2;ver
caillou;2;nom
caféier;2;nom
cadre;2;nom
cadran;2;nom
bénéfice;2;nom
béhar;2;nr
buste;2;nom
burhampour;2;nr
bulletin;2;nom
buffle;2;nom
brouhaha;2;nom
bronze;2;nom
brocanteur;2;nom
broadway;2;nr
british;2;adj
brillant;2;adj
bridger;2;ver
bretagne;2;nr
bravement;2;adv
brasseur;2;nom
brahmane;2;nom
boxe;2;nom
boutique;2;nom
bouteille;2;nom
bouillir;2;ver
bouger;2;ver
bouffée;2;nom
bouddhisme;2;nom
boucherie;2;nom
bouche;2;nom
bordée;2;nom
bonnet;2;nom
boat;2;nr
blâmer;2;ver
blond;2;adj
bleuâtre;2;adj
blessé;2;nom
blesser;2;ver
bitter;2;ver
biscuit;2;nom
besogne;2;nom
berner;2;ver
beauté;2;nom
bayadère;2;nom
battement;2;nom
barrer;2;ver
barnum;2;nom
barbiche;2;nom
bar;2;nom
bab;2;nr
avertir;2;ver
aventureux;2;adj
avant_port;2;nom
autorité;2;nom
audience;2;nom
attraction;2;nom
atteler;2;ver
attelage;2;nom
atout;2;nom
atmosphère;2;nom
assurance;2;nom
assoupir;2;ver
assombrir;2;ver
artère;2;nom
artiste;2;nom
artisan;2;nom
artifice;2;nom
articuler;2;ver
art;2;nom
arsenal;2;nom
arroser;2;ver
arrière_plan;2;nom
arménien;2;adj
arkansas;2;nr
arc;2;nom
arabe;2;nom
après_deux;2;nr
après_de;2;nr
appétit;2;nom
applaudissement;2;nom
appendice;2;nom
appel;2;nom
aplomb;2;nom
apaiser;2;ver
anéantir;2;ver
anxiété;2;nom
antipode;2;nom
annales;2;nom
animé;2;adj
animation;2;nom
andaman;2;nr
and;2;nr
amour_propre;2;nom
american;2;nr
amasser;2;ver
amarre;2;nom
alabama;2;nr
aisément;2;adv
aisé;2;adj
aise;2;nom
aigu;2;adj
aide;2;nom
ahuri;2;nom
agiter;2;ver
agitation;2;nom
agile;2;adj
agglomération;2;nom
adroit;2;adj
adopter;2;ver
administrateur;2;nom
activité;2;nom
acquitter;2;ver
achat;2;nom
accélération;2;nom
accusé;2;nom
accumuler;2;ver
accumulation;2;nom
accoutumer;2;ver
accord;2;nom
accompli;2;adj
accidenté;2;nom
acacia;2;nom
abîmer;2;ver
abrité;2;adj
abriter;2;ver
abaisser;2;ver
abaissement;2;nom
évider;1;ver
éventer;1;ver
éventail;1;nom
éveiller;1;ver
éveil;1;nom
évaporatoire;1;nr
évanouissement;1;nom
étroitement;1;adv
étreindre;1;ver
étourdir;1;ver
étonnant;1;adj
étoffe;1;nom
étioler;1;ver
étincelant;1;adj
éternité;1;nom
éternel;1;adj
étarquée;1;nr
étaler;1;ver
étai;1;nom
éreinter;1;ver
équivaloir;1;ver
équiper;1;ver
équilibré;1;adj
épuiser;1;ver
épuisement;1;nom
époux;1;nom
épouvanter;1;ver
épouvantablement;1;adv
épouser;1;ver
épineux;1;adj
épier;1;ver
épiderme;1;nom
épicé;1;adj
épervier;1;nom
épaisseur;1;nom
énerver;1;ver
énergie;1;nom
émigration;1;nom
émailler;1;ver
élémentaire;1;adj
élément;1;nom
élégance;1;nom
élysées;1;nr
éloigné;1;adj
éloigniez;1;nr
éloge;1;nom
éleveur;1;nom
électeur;1;nom
élargir;1;ver
égratignure;1;nom
égayer;1;ver
égarer;1;ver
égalité;1;nom
édifice;1;nom
écuyer;1;nom
écumeux;1;adj
écumeur;1;nom
écumer;1;ver
écriture;1;nom
écoulé;1;adj
écossais;1;adj
écorcher;1;ver
économiser;1;ver
économie;1;nom
économe;1;adj
éclaircirent;1;nr
éclaircie;1;nom
échiquier;1;nom
échevelé;1;adj
échauffer;1;ver
écharpe;1;nom
échappement;1;nom
écarquiller;1;ver
écarlate;1;adj
ébouriffé;1;adj
éblouissement;1;nom
ébaudissait;1;nr
ébaucher;1;ver
ébattre;1;ver
à_jeun;1;adv
zébrer;1;ver
zoroastre;1;nr
zeb;1;nom
yacht_club;1;nom
xérès;1;nom
white;1;nr
whisky;1;nom
wharfs;1;nr
wharf;1;nom
wayne;1;nr
walbah;1;nr
wagon_restaurant;1;nom
wagain;1;nr
vénérer;1;ver
véhémence;1;nom
véhiculer;1;ver
végéter;1;ver
vraisemblablement;1;adv
voulu;1;adj
vouer;1;ver
vote;1;nom
vorace;1;adj
vomir;1;ver
volute;1;nom
volume;1;nom
voltiger;1;ver
volontairement;1;adv
volatile;1;nom
voisinage;1;nom
voeu;1;nom
vocation;1;nom
vitrail;1;nom
visite;1;nom
viserez;1;nr
virtuose;1;nom
violette;1;nom
violenter;1;ver
violentant;1;nr
vin;1;nom
vilain;1;adj
viharis;1;nr
vieillir;1;ver
vicvacarma;1;nr
victor;1;nr
vicissitude;1;nom
vice_président;1;nom
vice;1;nom
vibration;1;nom
viaducs;1;nr
vertement;1;adv
vert;1;adj
verruqueux;1;nr
vernir;1;ver
vermoulu;1;adj
vermeil;1;adj
vergue;1;nom
verdâtre;1;adj
verdure;1;nom
verbe;1;nom
ventre;1;nom
venger;1;ver
vengeance;1;nom
vase;1;nom
vanter;1;ver
vanité;1;nom
valable;1;adj
vainqueur;1;nom
vagabonder;1;ver
vache;1;nom
vacarme;1;nom
va_et_vient;1;nom
uçaf;1;nr
utilité;1;nom
ustensile;1;nom
uranus;1;nr
uniforme;1;nom
uddaul;1;nr
ténacité;1;nom
témérité;1;nom
télégraphier;1;ver
télégraphe;1;nom
tumultueux;1;adj
tuilla;1;nr
trésor;1;nom
trébucher;1;ver
troublant;1;adj
tropique;1;nom
tronçon;1;nom
tronc;1;nom
trombe;1;nom
trois_mâts;1;nom
tristesse;1;nom
triomphant;1;adj
tributaire;1;adj
tribu;1;nom
triangulaire;1;adj
triangle;1;nom
tresser;1;ver
trente_troisième;1;adj
tremplin;1;nom
trempe;1;nom
tremblement;1;nom
traître;1;nom
trapp;1;nr
transocéaniennes;1;nr
transocéanienne;1;nr
transire;1;nr
transi;1;adj
transfèrement;1;nom
transaction;1;nom
tranchant;1;adj
trajectoire;1;nom
traitement;1;nom
trahît;1;nr
trahison;1;nom
trahir;1;ver
traduction;1;nom
traction;1;nom
tracasser;1;ver
tout_puissant;1;adj
tourniquet;1;nom
tourmentin;1;nom
touriste;1;nom
totalement;1;adv
torture;1;nom
tortue;1;nom
toque;1;nom
tonner;1;ver
tonnage;1;nom
tonalité;1;nom
tombeau;1;nom
tombant;1;adj
tolérer;1;ver
tituber;1;ver
timbre;1;nom
théoriquement;1;adv
théorie;1;nom
thug;1;nom
terriblement;1;adv
terre_neuve;1;nom
terrasser;1;ver
tender;1;nom
tempérament;1;nom
tempe;1;nom
teinte;1;nom
tecks;1;nr
tea;1;nr
taïkoun;1;nr
taxe;1;nom
taureau;1;nom
tas;1;nom
tarir;1;ver
tapty;1;nr
tapis;1;nom
taper;1;ver
tannah;1;nr
tailler;1;ver
taillanderie;1;nr
tacheter;1;ver
tacher;1;ver
tabac;1;nom
sévérité;1;nom
séjournât;1;nr
séjour;1;nom
séduire;1;ver
sédentaire;1;adj
séculaire;1;adj
syénites;1;nr
synagogue;1;nom
symétrique;1;adj
symétrie;1;nom
sympathie;1;nom
symboliser;1;ver
syllabe;1;nom
sydenham;1;nr
sutpour;1;nr
suspicion;1;nom
suspecter;1;ver
susdit;1;adj
surélever;1;ver
surrey;1;nr
surpasser;1;ver
surnom;1;nom
surlendemain;1;nom
surexciter;1;ver
surenchère;1;nom
surchauffer;1;ver
surcharger;1;ver
surate;1;nr
sur_le_champ;1;adv
supériorité;1;nom
supputer;1;ver
supportable;1;adj
supplémentaire;1;adj
sumatra;1;nr
suffocation;1;nom
suffisamment;1;adv
sud_ouest;1;nom
subvention;1;nom
substituer;1;ver
substance;1;nom
subsister;1;ver
subitement;1;adv
style;1;nom
stupéfier;1;ver
stupéfaction;1;nom
stupide;1;adj
stupeur;1;nom
studbook;1;nr
strict;1;adj
strabon;1;nr
stewart;1;nr
steward;1;nom
sterling;1;adj
stephenson;1;nr
steamboats;1;nr
statuaire;1;nom
squelette;1;nom
spécifique;1;adj
sphéroïde;1;nom
spectral;1;adj
southampton;1;nr
south;1;nr
soute;1;nom
soustraire;1;ver
sous_lieutenants;1;nr
sourciliers;1;nr
souple;1;adj
soupe;1;nom
soulte;1;nr
soulager;1;ver
souffle;1;nom
soucier;1;ver
sorgho;1;nom
sonore;1;adj
sonné;1;adj
sonnette;1;nom
somptuosité;1;nom
sommité;1;nom
sommet;1;nom
sommeiller;1;ver
sommaire;1;adj
sombrero;1;nom
sombrer;1;ver
somanlis;1;nr
solidité;1;nom
soldant;1;nr
soixantième;1;nom
soirée;1;nom
socque;1;nom
social;1;adj
smith;1;nr
sloop;1;nom
sleeping;1;nom
sixième;1;adj
sitôt;1;adv
sinuosité;1;nom
sindes;1;nr
sincérité;1;nom
sincère;1;adj
signification;1;nom
significatif;1;adj
shipping;1;nom
sherry;1;nom
sheppard;1;nr
sexagésimales;1;nr
serrure;1;nom
sentier;1;nom
sentence;1;nom
sensation;1;nom
sempas;1;nr
semi_circulaire;1;adj
semblable;1;nom
sel;1;nom
sein;1;nom
seigneurie;1;nom
seigneur;1;nom
sedgwick;1;nr
sculpteur;1;nom
scrupule;1;nom
scotland;1;nr
scintillation;1;nom
scier;1;ver
schuyler;1;nr
scandinavie;1;nr
scalper;1;ver
saïd;1;nr
saxe;1;nr
sauvegarder;1;ver
sauteur;1;nom
saule;1;nom
sauders;1;nr
saturaient;1;nr
satisfaisant;1;adj
santé;1;nom
sanglier;1;nom
sandy;1;nr
sandale;1;nom
sandal;1;nr
salure;1;nr
saltimbanque;1;nom
salomon;1;nr
sale;1;adj
salanganes;1;nr
salaire;1;nom
saki;1;nom
saisines;1;nr
sagoutiers;1;nr
sage;1;adj
saddle;1;nr
rêveur;1;nom
révélation;1;nom
révolte;1;nom
réussite;1;nom
rétrospectif;1;adj
rétribution;1;nom
rétablissement;1;nom
résurrection;1;nom
résumer;1;ver
résolument;1;adv
résolu;1;adj
résister;1;ver
résidence;1;nom
réseau;1;nom
réputation;1;nom
rémunération;1;nom
régulateur;1;nom
régulariser;1;ver
régner;1;ver
réglementer;1;ver
réglementation;1;nom
régime;1;nom
régent;1;nom
régate;1;nom
référence;1;nom
réfugié;1;nom
réfractaire;1;nom
récemment;1;adv
rébellion;1;nom
réapprovisionner;1;ver
réaliste;1;adj
réalisable;1;adj
règlement;1;nom
râler;1;ver
rusé;1;adj
russell;1;nr
ruse;1;nom
rupture;1;nom
ruminer;1;ver
ruineux;1;adj
rugissement;1;nom
ruban;1;nom
rowan;1;nr
rouvrir;1;ver
roulement;1;nom
rouffles;1;nr
rouer;1;ver
rosée;1;nom
rosser;1;ver
rosier;1;nom
roseau;1;nom
rooms;1;nr
ronger;1;ver
ronflement;1;nom
ronflant;1;adj
rompu;1;adj
rogner;1;ver
roclin;1;nr
rocky;1;nr
roche;1;nom
roastbeef;1;nr
rival;1;nom
risque;1;nom
riposter;1;ver
rigueur;1;nom
rigoureux;1;adj
rigoureusement;1;adv
rigide;1;adj
rideau;1;nom
ride;1;nom
richesse;1;nom
ricanement;1;nom
rhubarbe;1;nom
rez_de_chaussée;1;nom
revêtir;1;ver
revue;1;nom
revissent;1;nr
revers;1;nom
revendeur;1;nom
retraite;1;nom
retentissement;1;nom
retentissant;1;adj
retardataire;1;adj
restituer;1;ver
restaurer;1;ver
restauration;1;nom
restaurant;1;nom
restant;1;nom
ressuscitèrent;1;nr
ressusciter;1;ver
ressortir;1;ver
ressemblant;1;adj
ressemblance;1;nom
resplendissant;1;adj
resplendir;1;ver
respectueux;1;adj
respectif;1;adj
rescousse;1;nom
republican;1;nr
reptation;1;nom
reprise;1;nom
replier;1;ver
replacer;1;ver
reperdre;1;ver
rente;1;nom
renouveler;1;ver
renouer;1;ver
renommée;1;nom
reno;1;nr
renfermer;1;ver
renard;1;nom
remédier;1;ver
rempli;1;adj
remorquer;1;ver
rembrunir;1;ver
reliquat;1;nom
relevé;1;adj
rein;1;nom
rehausser;1;ver
registre;1;nom
regent;1;nr
refroidir;1;ver
refrain;1;nom
refléter;1;ver
redoutable;1;adj
recouvrer;1;ver
reconnaissant;1;adj
reconnaissable;1;adj
recompter;1;ver
recherché;1;adj
recette;1;nom
reading;1;nr
rayonner;1;ver
ravir;1;ver
ravage;1;nom
rationnellement;1;adv
rationnel;1;adj
rassembler;1;ver
ras;1;adj
raréfier;1;ver
raquette;1;nom
rapport;1;nom
rapatrier;1;ver
rangée;1;nom
rancunier;1;adj
rancune;1;nom
ranchos;1;nr
rampe;1;nom
ramifié;1;adj
ramification;1;nom
ramifiant;1;adj
rambarde;1;nom
ramayana;1;nr
rallumer;1;ver
rallier;1;ver
raisonnant;1;adj
raisonnable;1;adj
railroad;1;nr
raie;1;nom
raidir;1;ver
raide;1;adj
rageur;1;adj
rageant;1;adj
radoucir;1;ver
raccorder;1;ver
quêteur;1;nom
quotidiennement;1;adv
quoiqu;1;nr
quinzième;1;nom
quinzaine;1;nom
quinte;1;nom
quille;1;nom
querelle;1;nom
quatrième;1;adj
quarantième;1;adj
quarante_deuxième;1;adj
quarantaine;1;nom
qualification;1;nom
quadrupède;1;nom
quadruple;1;adj
pêle_mêle;1;adv
pêche;1;nom
pétrole;1;nom
pérou;1;nom
péristyles;1;nr
périmètre;1;nom
périlleux;1;adj
péril;1;nom
pépite;1;nom
pélican;1;nom
pécuniaire;1;adj
pâleur;1;nom
puritain;1;adj
purger;1;ver
pureté;1;nom
purement;1;adv
pupille;1;nom
punir;1;ver
publicité;1;nom
psalmodier;1;ver
prêcher;1;ver
prévention;1;nom
prétexter;1;ver
prétendant;1;nom
président;1;nom
présidence;1;nom
présentement;1;adv
présentation;1;nom
préoccupation;1;nom
prématurément;1;adv
préliminaire;1;nom
prélever;1;ver
préjudicierait;1;nr
préjudiciable;1;adj
préjudice;1;nom
préférer;1;ver
préférence;1;nom
prédécesseur;1;nom
prédiction;1;nom
précipitation;1;nom
précipice;1;nom
précieusement;1;adv
préalablement;1;adv
prunier;1;nom
prunelle;1;nom
prudemment;1;adv
proverbial;1;adj
provenir;1;ver
protester;1;ver
prosélytisme;1;nom
prostration;1;nom
prosaïquement;1;adv
propitiatoire;1;adj
propice;1;adj
pronostic;1;nom
promptement;1;adv
promontoire;1;nom
promesse;1;nom
projectile;1;nom
progrès;1;nom
profitable;1;adj
profit;1;nom
professeur;1;nom
profanateur;1;nom
production;1;nom
prodige;1;nom
procès_verbal;1;nom
procès;1;nom
proche;1;adj
privé;1;adj
privilège;1;nom
preuve;1;nom
pressentir;1;ver
pressant;1;adj
presqu_île;1;nom
praticable;1;adj
poétique;1;adj
poète;1;nom
poutre;1;nom
pourpoint;1;nom
pounah;1;nr
poudrer;1;ver
poudre;1;nom
posément;1;adv
poster;1;ver
positivement;1;adv
portrait;1;nom
portatif;1;adj
porphyre;1;nom
porcelaine;1;nom
porc;1;nom
ponton;1;nom
pondéré;1;adj
ponctuel;1;adj
ponctualité;1;nom
ponceau;1;nom
pompe;1;nom
pommier;1;nom
pommette;1;nom
polygone;1;nom
polygamie;1;nom
pole;1;nom
poissonnerie;1;nom
poil;1;nom
poignard;1;nom
plongée;1;nom
plombé;1;adj
plisser;1;ver
plier;1;ver
pli;1;nom
pleuvoir;1;ver
pleureur;1;adj
pleurer;1;ver
pleur;1;nom
plantation;1;nom
planer;1;ver
plancher;1;nom
plaisamment;1;adv
plaintif;1;adj
plaider;1;ver
plafond;1;nom
placers;1;nr
piécette;1;nom
pittsburg;1;nr
pistolet;1;nom
piquant;1;nom
pioneer;1;nr
pinte;1;nom
pincée;1;nom
pinceau;1;nom
pillage;1;nom
pigeon;1;nom
pieusement;1;adv
pic;1;nom
piano;1;nom
physique;1;adj
physionomiste;1;adj
phosphorescent;1;adj
pherson;1;nr
pester;1;ver
pesant;1;adj
perçant;1;adj
pertuis;1;nom
perspicacité;1;nom
personnifié;1;adj
personnification;1;nom
personnalité;1;nom
persan;1;adj
perqué;1;nr
perpendiculairement;1;adv
permanent;1;adj
permanence;1;nom
pereire;1;nr
perdrix;1;nom
percussion;1;nom
percher;1;ver
perche;1;nom
pente;1;nom
penny;1;nom
pennsylvanie;1;nr
pelletée;1;nom
pelisse;1;nom
peinture;1;nom
peindre;1;ver
peak;1;nr
pavé;1;nom
pavois;1;nom
pauwell;1;nr
patte;1;nom
patrouille;1;nom
patronage;1;nom
patna;1;nr
patiner;1;ver
patience;1;nom
passionné;1;adj
passionnant;1;adj
passe_temps;1;nom
parterre;1;nom
parqueter;1;ver
paroisse;1;nom
parièrent;1;nr
paria;1;nom
parfumé;1;adj
paresseux;1;adj
pardonnable;1;adj
parc;1;nom
paravent;1;nom
paratonnerre;1;nom
parallèlement;1;adv
paradis;1;nom
parade;1;nom
paquetées;1;nr
papyrus;1;nom
papouas;1;nr
papillon;1;nom
paperassière;1;nr
panthère;1;nom
panoramique;1;adj
panneau;1;nom
panache;1;nom
palpitant;1;adj
palkigharis;1;nr
palier;1;nom
paletot;1;nom
pale;1;nom
palais;1;nom
paix;1;nom
paisiblement;1;adv
paisible;1;adj
paille;1;nom
packet;1;nr
pablo;1;nr
oysters;1;nr
oxyder;1;ver
ouïe;1;nom
ouvrier;1;nom
ouvragé;1;adj
ouvrage;1;nom
ouvertement;1;adv
ouvert;1;adj
outrance;1;nom
oseraient;1;adv
orteil;1;nom
orphelin;1;adj
orné;1;adj
ornement;1;nom
origine;1;nom
originalité;1;nom
orientaliste;1;nom
orge;1;nom
organisation;1;nom
organe;1;nom
orfèvrerie;1;nom
oreiller;1;nom
oregon;1;nr
orateur;1;nom
opéra;1;nom
opposition;1;nom
opposer;1;ver
ombragé;1;adj
oie;1;nom
ogre;1;nom
offensive;1;nom
odorat;1;nom
octave;1;nom
ocre;1;nom
occupant;1;nom
occasionner;1;ver
obéissant;1;adj
observateur;1;nom
observance;1;nom
obscurcir;1;ver
obligeraient;1;nr
obligeance;1;nom
obligatoire;1;adj
objection;1;nom
oakland;1;nr
négatif;1;adj
nègre;1;nom
nudité;1;nom
noyer;1;ver
nouveauté;1;nom
nourrissant;1;adj
noter;1;ver
normal;1;adj
norimons;1;nr
nomination;1;nom
noirci;1;adj
nizam;1;nr
niveler;1;ver
nier;1;ver
nid;1;nom
neutralité;1;nom
nerf;1;nom
neptune;1;nr
neiger;1;ver
naïveté;1;nom
nautique;1;adj
nausée;1;nom
naufrage;1;nom
natal;1;adj
nassik;1;nr
narration;1;nom
nanking;1;nr
naissance;1;nom
nain;1;nom
naguère;1;adv
nager;1;ver
nage;1;nom
nadir;1;nom
météorologiste;1;nom
méticuleux;1;adj
méthodisme;1;nom
méthodiquement;1;adv
métal;1;nom
méridional;1;adj
mépriser;1;ver
ménager;1;ver
mélodieux;1;adj
mélange;1;nom
mélancoliquement;1;adv
mélancolique;1;adj
mécontent;1;adj
mécompte;1;nom
mètre;1;nom
mèche;1;nom
mâle;1;nom
mystère;1;nom
mystique;1;adj
mushroom;1;nr
musculature;1;nom
musculaire;1;adj
muscle;1;nom
multiplier;1;ver
mugissement;1;nom
muddy;1;nr
moyeux;1;nom
moutonner;1;ver
mouton;1;nom
mousseline;1;nom
mourshedabad;1;nr
mountains;1;nr
moulu;1;adj
moule;1;nom
mouette;1;nom
motivât;1;nr
motif;1;nom
mortellement;1;adv
morom;1;nr
moral;1;adj
montreur;1;nom
monstrueux;1;adj
monomane;1;adj
monnaie;1;nom
monghir;1;nr
monceau;1;nom
monastère;1;nom
momie;1;nom
molleton;1;nom
moka;1;nom
moisson;1;nom
moineau;1;nom
moine;1;nom
modéré;1;adj
modification;1;nom
moderne;1;adj
modeler;1;ver
mobilité;1;nom
miraculeux;1;adj
miracle;1;nom
ministre;1;nom
minerve;1;nom
mine;1;nom
mimosée;1;nom
migration;1;nom
mignon;1;adj
michigan;1;nr
mi_voix;1;nom
mi_clos;1;adj
mexique;1;nr
meurtrissure;1;nom
messagerie;1;nom
messager;1;nom
mesquin;1;adj
mercure;1;nom
mercantile;1;adj
menton;1;nom
mental;1;adj
menace;1;nom
meako;1;nr
maîtresse;1;nom
mauve;1;adj
maugréer;1;ver
matériellement;1;adv
matériel;1;nom
matinal;1;adj
mathématique;1;adj
matche;1;nom
mat;1;nom
masser;1;ver
masqué;1;adj
mascarilles;1;nr
mary;1;nom
marqueterie;1;nom
market;1;nr
mare;1;nom
marche;1;nom
manteau;1;nom
mannequin;1;nom
maniaque;1;nom
manette;1;nom
manchester;1;nr
malédiction;1;nom
malligaum;1;nr
malin;1;adj
malicieux;1;adj
malhonnête;1;adj
malentendu;1;nom
malaisie;1;nr
malaise;1;nom
malais;1;adj
maladroitement;1;adv
maladroit;1;adj
majorité;1;nom
majeur;1;adj
majesté;1;nom
maire;1;nom
main_d_oeuvre;1;nom
maille;1;nom
mahomet;1;nr
magie;1;nom
macadamisées;1;nr
mac;1;nom
léotard;1;nr
léguer;1;ver
législature;1;nom
législateur;1;nom
légendaire;1;adj
légalité;1;nom
légalement;1;adv
lyre;1;nom
lyon;1;nr
luxuriant;1;adj
lunette;1;nom
lunch;1;nom
luisant;1;adj
lugubre;1;adj
loyauté;1;nom
loyalement;1;adv
loyal;1;adj
loutre;1;nom
lourdement;1;adv
lourd;1;adj
louer;1;ver
lotus;1;nom
longévité;1;nom
longsferry;1;nr
londonner;1;nr
logis;1;nom
logement;1;nom
loge;1;nom
lodge;1;nr
littéraire;1;adj
little;1;nr
litière;1;nom
liquide;1;nom
linge;1;nom
line;1;nom
limite;1;nom
lilliputien;1;adj
light;1;adj
lieue;1;nom
lier;1;ver
lien;1;nom
libéral;1;adj
librement;1;adv
levier;1;nom
lester;1;ver
lestement;1;adv
lest;1;nom
lesseps;1;nr
leroy;1;nr
lent;1;adj
lanterne;1;nom
languir;1;ver
lamé;1;adj
lampe;1;nom
laiterie;1;nom
laine;1;nom
laconiquement;1;adv
lachaise;1;nr
laborieux;1;adj
kirkland;1;nr
kirimon;1;nr
kilomètre;1;nom
kien;1;nr
khajours;1;nr
kent;1;nr
kauffmann;1;nr
kansas;1;nr
kanhérie;1;nr
kama;1;nom
kallenger;1;nr
justesse;1;nom
jusque_là;1;adv
jusqu_au_delà;1;nr
junction;1;nr
jumna;1;nr
julesburgh;1;nr
joyeux;1;adj
joyeusement;1;adv
joujoux;1;nom
jouissance;1;nom
jonglerie;1;nom
joncher;1;ver
jonc;1;nom
joindre;1;ver
jeton;1;nom
jaunâtre;1;adj
jaquette;1;nom
japonaisé;1;nr
jante;1;nom
jalousie;1;nom
ivoire;1;nom
israël;1;nr
isolé;1;adj
irrésistiblement;1;adv
irréprochable;1;adj
irréparablement;1;adv
irréparable;1;adj
irrégulièrement;1;adv
irriguer;1;ver
irresponsable;1;adj
ionique;1;adj
inévitable;1;adj
inépuisable;1;adj
inégalement;1;adv
invité;1;nom
invitation;1;nom
inverse;1;nom
inventaire;1;nom
invalide;1;nom
inutilité;1;nom
introduction;1;nom
intriguer;1;ver
intraitable;1;adj
intonation;1;nom
intimement;1;adv
interruption;1;nom
interpréter;1;ver
interprétation;1;nom
interprète;1;nom
interpeller;1;ver
interlope;1;nom
interdit;1;adj
interdire;1;ver
intelligible;1;adj
inséparable;1;adj
insurrection;1;nom
insupportable;1;adj
insulteur;1;nom
insulte;1;nom
insultant;1;adj
insuccès;1;nom
instruit;1;adj
instruire;1;ver
instinctivement;1;adv
instantanément;1;adv
instable;1;adj
inspiration;1;nom
inspection;1;nom
insouciance;1;nom
insolite;1;adj
insolence;1;nom
insistance;1;nom
insecte;1;nom
insaisissable;1;adj
inqualifiable;1;adj
inoccupé;1;adj
innocent;1;adj
innocence;1;nom
injurier;1;ver
ingénieux;1;adj
infusion;1;nom
informe;1;adj
inflammation;1;nom
infini;1;adj
infernal;1;adj
inexactitude;1;nom
inerte;1;adj
inepte;1;adj
indépendance;1;nom
indélicatesse;1;nom
indéchiffrable;1;adj
industrieux;1;adj
indu;1;adj
individuel;1;adj
indiscrétion;1;nom
indiscret;1;adj
indigo;1;nom
indigner;1;ver
indignement;1;adv
indignation;1;nom
indifférence;1;nom
indicible;1;adj
indice;1;nom
indication;1;nom
indiana;1;nr
independance;1;nr
indemne;1;adj
incrédule;1;adj
incriminait;1;nr
incontestablement;1;adv
inconscient;1;adj
incognito;1;adv
incision;1;nom
incessamment;1;adv
incertitude;1;nom
incendiaire;1;nom
incarner;1;ver
inattention;1;nom
inattendu;1;adj
inadmissible;1;adj
inaccoutumé;1;adj
inaccessible;1;adj
impétueusement;1;adv
impérieux;1;adj
impératrice;1;nom
impunité;1;nom
impudent;1;adj
imprécation;1;nom
imprudent;1;adj
improvisé;1;adj
improprement;1;adv
impropre;1;adj
imprimerie;1;nom
impression;1;nom
impraticable;1;adj
impossibilité;1;nom
imposant;1;adj
implacable;1;adj
imperturbablement;1;adv
impatienter;1;ver
impardonnable;1;adj
immonde;1;adj
immensité;1;nom
immanquablement;1;adv
imbécile;1;nom
illustre;1;adj
illuminer;1;ver
illimité;1;adj
idiot;1;nom
identité;1;nom
identique;1;adj
hôpital;1;nom
héron;1;nom
hérisser;1;ver
hémisphère;1;nom
héler;1;ver
hébété;1;adj
hébéter;1;ver
hâle;1;nom
hyram;1;nr
hypothèse;1;nom
hypogée;1;nom
hydrogène;1;nom
hydrographique;1;adj
huître;1;nom
hurler;1;ver
hurlant;1;adj
hune;1;nom
humilier;1;ver
humiliation;1;nom
humiliant;1;adj
humidité;1;nom
humeur;1;nom
humanité;1;nom
hugo;1;nr
hougly;1;nr
hottentots;1;nr
hostile;1;adj
hors_d_oeuvre;1;nom
horriblement;1;adv
horlogerie;1;nom
horion;1;nom
horde;1;nom
hook;1;nr
honorabilité;1;nom
honnêteté;1;nom
historique;1;adj
historien;1;nom
hideux;1;adj
hic_et_nunc;1;adv
heurter;1;ver
herculéen;1;adj
henné;1;nom
hennissant;1;adj
hay;1;nr
haubert;1;nom
hasardeux;1;adj
harmonique;1;nom
harmonieux;1;adj
harmonieusement;1;adv
harassé;1;adj
hanté;1;adj
hanter;1;ver
hanche;1;nom
hampe;1;nom
hameau;1;nom
halleck;1;nr
haine;1;nom
haillon;1;nom
hagard;1;adj
hache;1;nom
habité;1;adj
habituer;1;ver
habitation;1;nom
h;1;nr
gésir;1;ver
généreusement;1;adv
génie;1;nom
géant;1;adj
gâteau;1;nom
guépard;1;nom
guèbres;1;nr
guise;1;nom
guindé;1;adj
guinder;1;ver
guidon;1;nom
gueule;1;nom
guetteur;1;nom
grêle;1;adj
gré;1;nom
grue;1;nom
grouiller;1;ver
grotte;1;nom
grossièrement;1;adv
groseille;1;nom
grognement;1;nom
grisé;1;adj
grisâtre;1;adj
grillé;1;adj
grille;1;nom
grillage;1;nom
grief;1;nom
grenier;1;nom
grenadier;1;nom
greenwich;1;nr
gray;1;nom
graviter;1;ver
gravir;1;ver
graver;1;ver
gravement;1;adv
gratter;1;ver
gratis;1;adv
gratifier;1;ver
gras;1;adj
grappe;1;nom
grandir;1;ver
grandeur;1;nom
graisse;1;nom
graduellement;1;adv
grade;1;nom
gracieusement;1;adv
goût;1;nom
goëlettes;1;nr
government;1;nr
gourmet;1;nom
gour;1;nom
goudron;1;nom
gouailler;1;nr
gong;1;nom
golgonde;1;nr
golgonda;1;nr
golconde;1;nr
godavery;1;nr
goa;1;nr
glorieux;1;adj
glasgow;1;nr
glapissant;1;adj
giration;1;nom
gibraltar;1;nr
ghazepour;1;nr
gerbe;1;nom
gentil;1;adj
genou;1;nom
gazette;1;nom
gaze;1;nom
garrot;1;nom
gardien;1;nom
gardens;1;nr
garde_manger;1;nom
gant;1;nom
gamme;1;nom
galvaniser;1;ver
galeux;1;adj
galer;1;nom
galant;1;adj
gaillard;1;nom
gai;1;adj
gagne_pain;1;nom
gagnant;1;nom
gage;1;nom
gabarit;1;nom
fête;1;nom
féminin;1;adj
fébrilement;1;adv
fébrile;1;adj
futur;1;nom
fur_et_à_mesure;1;nom
funèbre;1;adj
fumant;1;adj
fuligineux;1;adj
frêle;1;adj
fréter;1;ver
fréquent;1;adj
frontière;1;nom
frontins;1;nr
froncer;1;ver
froment;1;nom
frise;1;nom
fringant;1;adj
fret;1;nom
fourmiller;1;ver
fourgon;1;nom
fouiller;1;ver
fouetter;1;ver
foudre;1;nom
fortifié;1;adj
fortification;1;nom
forteresse;1;nom
fortement;1;adv
formulé;1;adj
formose;1;nr
forger;1;ver
fondue;1;nom
fonds;1;nom
fonderie;1;nom
fondateur;1;nom
fondant;1;nom
fonctionner;1;ver
foncièrement;1;adv
foncer;1;ver
foisonner;1;ver
fo;1;nr
flûte;1;nom
florissant;1;adj
flegme;1;nom
flatteur;1;adj
flamme;1;nom
flairer;1;ver
flagrant;1;adj
flacon;1;nom
fiévreux;1;adj
fièrement;1;adv
fixité;1;nom
fixement;1;adv
fire;1;nr
finance;1;nom
filtrer;1;ver
filon;1;nom
fille;1;nom
filin;1;nom
figurerai;1;nr
figaro;1;nom
ficher;1;ver
feuille;1;nom
fervent;1;adj
ferry_boat;1;nom
ferrure;1;nom
fermé;1;adj
fermier;1;nom
fermeté;1;nom
fermeture;1;nom
fermentation;1;nom
feringhea;1;nr
fendu;1;adj
feignant;1;adj
façade;1;nom
faufiler;1;ver
fatigant;1;adj
fatalité;1;nom
fastenet;1;nr
fasciner;1;ver
fascinant;1;adj
farthing;1;nr
farmer;1;nr
farcir;1;ver
far_west;1;nom
fantôme;1;nom
fantasque;1;adj
fantaisiste;1;adj
fanfaron;1;nom
fanatisme;1;nom
fanal;1;nom
familiariser;1;ver
faisceau;1;nom
faim;1;nom
fahrenheit;1;adj
faciliter;1;ver
extravagant;1;adj
extraire;1;ver
extension;1;nom
expédition;1;nom
expédier;1;ver
expressément;1;adv
expressif;1;adj
exploit;1;nom
expirer;1;ver
expansion;1;nom
expansif;1;adj
exigence;1;nom
exclusivement;1;adv
exciter;1;ver
excessif;1;adj
exception;1;nom
exaspérer;1;ver
exalter;1;ver
exaltation;1;nom
ex_sergent;1;nom
evening;1;nr
evans;1;nr
euphorbe;1;nom
etrangleurs;1;nr
ethnographiques;1;nr
estimable;1;adj
essieux;1;nom
essentiellement;1;adv
essence;1;nom
essai;1;nom
esquire;1;nom
espion;1;nom
esparres;1;nr
espagnol;1;nom
escorter;1;ver
escarpé;1;adj
escalader;1;ver
errant;1;adj
envoler;1;ver
envisager;1;ver
enviable;1;adj
envergure;1;nom
enverguait;1;nr
envelopper;1;ver
entresol;1;nom
entremets;1;nom
entrelacement;1;nom
entrefaite;1;nom
entrecouper;1;ver
entrailles;1;nom
entr_ouvert;1;adj
entortillé;1;adj
entomologique;1;adj
enthousiasme;1;nom
entamer;1;ver
ensuivre;1;ver
enserrer;1;ver
ensanglanté;1;adj
ensachés;1;nr
enregistrer;1;ver
enrayés;1;nr
enrayer;1;ver
enraciner;1;ver
enjeu;1;nom
enjambée;1;nom
engourdissement;1;nom
engourdir;1;ver
engouffrer;1;ver
englishman;1;nr
england;1;nr
engine;1;nr
enfourcher;1;ver
enfonçât;1;nr
enflammé;1;adj
enfield;1;nr
enfer;1;nom
endurer;1;ver
endurcir;1;ver
enduisirent;1;nr
endosser;1;ver
endormi;1;adj
endommager;1;ver
encroûter;1;ver
encrassaient;1;nr
encolure;1;nom
encablure;1;nom
empêtrer;1;ver
emprunter;1;ver
empreinte;1;nom
empocher;1;ver
emplumé;1;adj
empiler;1;ver
emparer;1;ver
empaqueter;1;ver
emmêlé;1;adj
emmancher;1;ver
embrun;1;nom
embrumer;1;ver
embourbant;1;nr
embouquait;1;nr
embossent;1;nr
embonpoint;1;nom
embarras;1;nom
ellora;1;nr
elko;1;nr
effusion;1;nom
effroyablement;1;adv
effrontément;1;adv
effroi;1;nom
effrayant;1;adj
effigie;1;nom
effervescence;1;nom
effectivement;1;adv
effectif;1;adj
effaroucher;1;ver
effacer;1;ver
edrisi;1;nr
edimbourg;1;nr
echiquier;1;nr
eastern;1;nr
earnshaw;1;nr
dôme;1;nom
dévoué;1;adj
dévouer;1;ver
dévotion;1;nom
dévot;1;nom
dévorât;1;nr
dévorant;1;adj
dévoiler;1;ver
dévisser;1;ver
développement;1;nom
détriment;1;nom
détraquer;1;ver
déterminé;1;adj
détermination;1;nom
détaché;1;adj
désormais;1;adv
désordonner;1;ver
désobéissant;1;adj
désobliger;1;ver
désespérer;1;ver
désespoir;1;nom
désertion;1;nom
désastre;1;nom
désarmer;1;ver
désaltérer;1;ver
dérober;1;ver
dérider;1;ver
dépôt;1;nom
député;1;nom
déprimer;1;ver
dépourvu;1;adj
dépouiller;1;ver
dépliage;1;nr
dépeuplèrent;1;nr
dépense;1;nom
dépenaillé;1;adj
déparer;1;ver
dénomination;1;nom
démêloir;1;nom
démonté;1;adj
démonstration;1;nom
démolition;1;nom
démolir;1;ver
démener;1;ver
démarche;1;nom
démanteler;1;ver
délivrer;1;ver
délivrance;1;nom
délire;1;nom
délier;1;ver
délice;1;nom
délicat;1;adj
déguiser;1;ver
déguenillé;1;adj
dégriser;1;ver
dégager;1;ver
définissable;1;adj
défiance;1;nom
défensive;1;nom
défaire;1;ver
découragement;1;nom
découchait;1;nr
décorer;1;ver
déconvenue;1;nom
déconfit;1;adj
déconcerter;1;ver
décoloré;1;adj
déclassé;1;nom
décision;1;nom
décimus;1;nr
déchiré;1;adj
déchirer;1;ver
décharger;1;ver
décharge;1;nom
décence;1;nom
décelât;1;nr
début;1;nom
débris;1;nom
déborder;1;ver
débiteur;1;nom
débit;1;nom
débat;1;nom
dupe;1;nom
duelliste;1;nom
drôme;1;nr
drome;1;nom
droiture;1;nom
drogue;1;nom
drisse;1;nom
drawing;1;nr
doué;1;adj
douteux;1;adj
douer;1;ver
dose;1;nom
doré;1;adj
domestiquer;1;ver
domesticité;1;nom
dogmatiquement;1;nr
dodge;1;nr
dixième;1;adj
divinité;1;nom
divertissement;1;nom
divan;1;nom
diurne;1;adj
distribuer;1;ver
distraire;1;ver
distinctement;1;adv
distiller;1;ver
distancer;1;ver
disséquer;1;ver
dissolution;1;nom
disputer;1;ver
dispos;1;adj
disparition;1;nom
discordant;1;adj
discontinuer;1;ver
diplomatique;1;adj
diligence;1;nom
dilettanti;1;nr
dignité;1;nom
différer;1;ver
difficultueux;1;adj
difficilement;1;adv
diamanté;1;adj
diamant;1;nom
deuxième;1;adj
destinée;1;nom
destiner;1;ver
dessein;1;nom
descente;1;nom
desceller;1;ver
denver;1;nr
densité;1;nom
demi_tasse;1;nom
demi_obscurité;1;nom
demi_journée;1;nom
demi_jour;1;nom
demi_douzaine;1;nom
delà;1;adv
davenport;1;nr
dattier;1;nom
dater;1;ver
damasquiné;1;adj
dalle;1;nom
dakota;1;nr
daim;1;nom
d_aborder;1;nr
célibataire;1;nom
céder;1;ver
cédar;1;nr
culpabilité;1;nom
culotte;1;nom
culbute;1;nom
cuisine;1;nom
crépuscule;1;nom
créer;1;ver
créditeur;1;nom
crème;1;nom
crucial;1;adj
croyant;1;nom
croupe;1;nom
cross;1;nom
croisé;1;adj
crinière;1;nom
criard;1;adj
cravate;1;nom
craintif;1;adj
coussin;1;nom
cousin;1;nom
courtine;1;nom
courroucer;1;ver
courrier;1;nom
courbé;1;adj
courbure;1;nom
courageusement;1;adv
couple;1;nom
council;1;nr
couloir;1;nom
coude;1;nom
couchette;1;nom
cotte;1;nom
cotre;1;nom
cotonnade;1;nom
cote;1;nom
cosmopolite;1;adj
cortège;1;nom
corridor;1;nom
correspondre;1;ver
correspondance;1;nom
corral;1;nom
corporation;1;nom
cornwallis;1;nr
corneille;1;nom
cornac;1;nom
cormoran;1;nom
corea;1;nr
corbeau;1;nom
coolie;1;nom
convulsionnait;1;nr
convulsif;1;adj
convoitise;1;nom
converger;1;ver
contribuer;1;ver
contrecoup;1;nom
contrebasse;1;nom
contre_courants;1;nr
contraster;1;ver
contraste;1;nom
contrariété;1;nom
contraction;1;nom
contracter;1;ver
contorsion;1;nom
continuel;1;adj
continu;1;adj
continental;1;adj
contentement;1;nom
conséquemment;1;adv
consulat;1;nom
constituer;1;ver
constamment;1;adv
consoler;1;ver
conserve;1;nom
conservation;1;nom
conseil;1;nom
connivence;1;nom
conjecturer;1;ver
congénère;1;nom
congédier;1;ver
congestionné;1;adj
confusément;1;adv
confusion;1;nom
confucius;1;nr
confrère;1;nom
confort;1;nom
conformer;1;ver
confluent;1;nom
confection;1;nom
condiment;1;nom
concourir;1;ver
concorder;1;ver
concentrer;1;ver
comté;1;nom
compère;1;nom
comprimer;1;ver
composition;1;nom
composant;1;nom
compliqué;1;adj
complicité;1;nom
complaisant;1;adj
complaisamment;1;adv
comparer;1;ver
comparaître;1;ver
comparable;1;adj
communauté;1;nom
commode;1;adj
commenter;1;ver
commencement;1;nom
commandant;1;nom
comité;1;nom
combiné;1;adj
combinaison;1;nom
columbus;1;nr
colt;1;nom
colorier;1;ver
colorer;1;ver
coloniser;1;ver
colonisateur;1;nom
collège;1;nom
colline;1;nom
coller;1;ver
collecteur;1;nom
colimaçon;1;nom
colfax;1;nr
colaba;1;nr
coiffure;1;nom
coffre_fort;1;nom
cocotier;1;nom
cochinchine;1;nr
coache;1;nom
clouer;1;ver
clocher;1;nom
cliquette;1;nom
clipper;1;nom
cligner;1;ver
clef;1;nom
clayonnage;1;nom
claret;1;nr
clameur;1;nom
civilisation;1;nom
citerne;1;nom
citer;1;ver
cisco;1;nr
cire;1;nom
circumnavigation;1;nom
circulairement;1;adv
cinquante_septième;1;adj
cinquante_cinquième;1;nr
cinnamome;1;nr
cime;1;nom
cigare;1;nom
chèvre;1;nom
chèrement;1;adv
châsse;1;nom
chunar;1;nr
chrétien;1;nom
chronométriquement;1;nr
chromatique;1;adj
chorus;1;nom
choquer;1;ver
choix;1;nom
chili;1;nom
chiffrer;1;ver
chiffre;1;nom
cheyenne;1;nr
cheminer;1;ver
chelem;1;nom
chef_lieu;1;nom
chef_d_oeuvre;1;nom
chaussée;1;nom
chaud;1;adj
charité;1;nom
charing;1;nr
charbonnier;1;adj
chancelier;1;nom
champion;1;nom
chamarré;1;adj
chaland;1;nom
ceylandais;1;nr
certitude;1;nom
cerisier;1;nom
centre;1;nom
centième;1;nom
ceindre;1;ver
cave;1;nom
cavalier;1;nom
causeur;1;adj
cauchemar;1;nom
cathédrale;1;nom
casi;1;nr
carthage;1;nr
carson;1;nr
caroubier;1;nom
carnet;1;nom
cargaison;1;nom
caressant;1;adj
cardif;1;nr
carcasse;1;nom
carburer;1;ver
caractériser;1;ver
carabine;1;nom
capuche;1;nom
capricieusement;1;adv
capillaire;1;adj
capharnaüm;1;nom
caparaçonner;1;ver
capable;1;adj
cap;1;nom
cantonner;1;ver
cannelle;1;nom
canne;1;nom
caniche;1;nom
cani;1;nr
cangos;1;nr
candidature;1;nom
cancer;1;nom
canard;1;nom
camélia;1;nom
camper;1;ver
cambrure;1;nom
cambodge;1;nr
cambaye;1;nr
camarade;1;nom
calmer;1;ver
callyan;1;nr
califourchon;1;adv
californien;1;adj
calendrier;1;nom
caisse;1;nom
caille;1;nom
cahute;1;nom
cahier;1;nom
café;1;nom
cadeau;1;nom
cacolet;1;nr
cacheter;1;ver
cachet;1;nom
cachemire;1;nom
cabotage;1;nom
cabane;1;nom
bétel;1;nom
bétail;1;nom
béatitude;1;nom
bâbord;1;nom
buxar;1;nr
butcher;1;nr
burlington;1;nr
bureaucratique;1;adj
burdwan;1;nr
burdivan;1;nr
bunhyas;1;nr
bull;1;nom
buisson;1;nom
buffet;1;nom
buffalos;1;nr
budget;1;nom
brésil;1;nom
bruyamment;1;adv
brutalité;1;nom
brutal;1;adj
brut;1;adj
brusquement;1;adv
brusque;1;adj
brouillard;1;nom
broncher;1;ver
broder;1;ver
broché;1;adj
brochant;1;adj
broc;1;nom
britannisée;1;nr
bridé;1;adj
brick;1;nom
brasse;1;nom
branlant;1;adj
branchage;1;nom
brahmaniques;1;nr
bracelet;1;nom
boutonner;1;ver
bouton;1;nom
bout_dehors;1;nom
bousculer;1;ver
bourrée;1;ver
bourreler;1;ver
bourgeon;1;nom
bourdonnement;1;nom
boulevard;1;nom
boulette;1;nom
boule;1;nom
bouilli;1;adj
bougon;1;adj
bougie;1;nom
boue;1;nom
bouddhiste;1;adj
boucle;1;nom
boucher;1;nom
botte;1;nom
borner;1;ver
borne;1;nom
booby;1;nr
bonzeries;1;nr
bonze;1;nom
bonnement;1;adv
bone;1;nr
bombé;1;adj
boats;1;nr
blé;1;nom
bluff;1;nom
blue;1;nr
blottir;1;ver
blondin;1;adj
bloc;1;nom
blessure;1;nom
blancheur;1;nom
bière;1;nom
birmingham;1;nr
bijoux;1;nom
bigarré;1;adj
bielle;1;nom
biblique;1;adj
biaiser;1;ver
beurre;1;nom
beuglement;1;nom
benten;1;nr
benefaciendo;1;nr
batterie;1;nom
battant;1;nom
bataille;1;nom
bastingage;1;nom
basalte;1;nom
barrière;1;nom
barricader;1;ver
barreau;1;nom
barbier;1;nom
barbare;1;nom
banqueroute;1;nom
bank;1;nr
banian;1;nom
bandit;1;nom
bananier;1;nom
bambousiers;1;nr
ballon;1;nom
ballant;1;adj
balayer;1;ver
balancer;1;ver
baladin;1;nom
baigner;1;ver
baguette;1;nom
bague;1;nom
badauderie;1;nom
badaud;1;nom
axe;1;nom
avocat;1;nom
aviron;1;nom
aveu;1;nom
avenue;1;nom
avare;1;adj
auxiliaire;1;adj
autoriser;1;ver
autorisation;1;nom
automne;1;nom
automatique;1;adj
austère;1;adj
austral;1;adj
aurungabad;1;nr
aureng;1;nr
aumône;1;nom
augmenter;1;ver
audace;1;nom
auburn;1;adj
aubaine;1;nom
au_dehors;1;adv
attroupement;1;nom
attrister;1;ver
attribuer;1;ver
attrayant;1;adj
attrait;1;nom
attitude;1;nom
attester;1;ver
atterrage;1;nom
attenait;1;nr
attarder;1;ver
atroce;1;adj
athènes;1;nr
astéroïde;1;nom
astronomique;1;adj
astronome;1;nom
astrologue;1;nom
astre;1;nom
assurghur;1;nr
assourdissant;1;adj
assoupissement;1;nom
assoupissantes;1;nr
assommoir;1;nom
assister;1;ver
assistance;1;nom
assise;1;nom
assemblée;1;nom
assassiner;1;ver
assassinat;1;nom
assaillir;1;ver
aspirer;1;ver
aspiration;1;nom
asphaltite;1;nr
arthémidore;1;nr
arrète;1;nr
arrière_pensée;1;nom
arrière_grand_père;1;nom
arrière_garde;1;nom
arrien;1;nr
arrhe;1;nom
arquebuser;1;nr
armonica;1;nr
aride;1;adj
argile;1;nom
argenté;1;adj
arecs;1;nr
ardent;1;adj
archive;1;nom
archet;1;nom
arborescent;1;adj
arbitraire;1;adj
arabique;1;adj
aptitude;1;nom
appât;1;nom
appréhension;1;nom
approprié;1;adj
approbation;1;nom
appointer;1;ver
appoint;1;nom
application;1;nom
appesantir;1;ver
apoplectique;1;adj
anxieux;1;adj
antérieur;1;adj
antiquité;1;nom
antipathie;1;nom
anthropophage;1;adj
anse;1;nom
anonymement;1;adv
anoblir;1;ver
annuler;1;ver
annuellement;1;adv
annuel;1;adj
annexer;1;ver
annam;1;nr
angoisse;1;nom
anglo_saxons;1;nr
anglo_saxon;1;adj
angelica;1;nr
ancré;1;adj
ancre;1;nom
ananas;1;nom
analyser;1;ver
aménager;1;ver
aménagement;1;nom
amuser;1;ver
amplification;1;nom
ample;1;adj
amphion;1;nr
amoureusement;1;adv
amitié;1;nom
amical;1;adj
ameuter;1;ver
ameublement;1;nom
ambassadeur;1;nom
ambassade;1;nom
amateur;1;nom
amas;1;nom
amarrer;1;ver
amaigri;1;adj
altitude;1;nom
alourdir;1;ver
allégation;1;nom
allouer;1;ver
alligator;1;nom
allemagne;1;nom
alimentation;1;nom
aligner;1;ver
alea;1;nr
alcoolique;1;nom
aisance;1;nom
aire;1;nom
aine;1;nom
aiguiser;1;ver
aigle;1;nom
ahméhnagara;1;nr
agrémenté;1;adj
agréer;1;ver
agrès;1;nom
agriculture;1;nom
agriculteur;1;nom
agra;1;nr
agité;1;adj
agilité;1;nom
age;1;nom
affréter;1;ver
affrioler;1;ver
affreux;1;adj
affolé;1;adj
affoler;1;ver
affluence;1;nom
affirmatif;1;adj
afficher;1;ver
affectueux;1;adj
affamé;1;adj
affamer;1;ver
affaisser;1;ver
affaiblissement;1;nom
affadissantes;1;nr
adverbe;1;nom
adorer;1;ver
adorable;1;adj
adonner;1;ver
admonestant;1;nr
admiration;1;nom
administrer;1;ver
adjonction;1;nom
adieu;1;nom
activement;1;adv
actionnaire;1;nom
acrobatique;1;adj
acquérir;1;ver
acquit;1;nom
acoustique;1;adj
acier;1;nom
achèvement;1;nom
acheminer;1;ver
acharné;1;adj
accélérer;1;ver
accès;1;nom
accueillir;1;ver
accru;1;adj
accoutrement;1;nom
accoter;1;ver
accommoder;1;ver
acclamation;1;nom
acception;1;nom
acceptable;1;adj
accentuer;1;ver
accalmie;1;nom
accablement;1;nom
académique;1;adj
abus;1;nom
absenter;1;ver
abrutissement;1;nom
abrutissant;1;adj
abruti;1;nom
abritât;1;nr
abri;1;nom
abraham;1;nr
aboutir;1;ver
abord;1;nom
abominablement;1;adv
ablution;1;nom
abeille;1;nom
abaissant;1;adj
80e;1;nr